Container_Type,Train_Number,Leg_ID,Date,Num_Containers
20,2BM4,1,2025-01-06,17
20,2BM4,1,2025-01-13,36
20,2BM4,1,2025-01-20,24
20,2BM4,1,2025-01-27,18
20,2BM4,1,2025-02-03,18
20,2BM4,1,2025-02-10,10
20,2BM4,1,2025-02-17,38
20,2BM4,1,2025-02-24,6
20,2BM4,1,2025-04-07,20
20,2BM4,1,2025-04-21,15
20,2BM4,1,2025-05-12,12
20,2BM4,1,2025-05-19,21
20,2BM4,1,2025-05-26,16
20,2BM4,1,2025-06-09,3
20,2BM4,1,2025-06-16,1
20,2BM4,1,2025-06-23,19
20,2BM4,1,2025-07-07,3
20,2BM4,1,2025-07-14,3
20,2BM4,1,2025-07-28,3
20,2BM4,1,2025-08-04,17
20,2BM4,1,2025-08-11,18
20,2BM4,1,2025-08-18,375
20,2BM4,1,2025-08-25,18
20,2BM4,1,2025-09-15,27
20,2BM4,1,2025-09-22,943
20,2BM4,1,2025-11-03,27
20,2BM4,1,2025-11-10,16
20,2BM4,1,2025-11-17,15
20,2BM4,1,2025-11-24,1
20,2BM4,1,2025-12-08,22
20,2BM4,1,2025-12-15,34
20,2BM4,1,2025-12-22,38
20,2BM4,2,2025-01-06,17
20,2BM4,2,2025-01-13,36
20,2BM4,2,2025-01-20,24
20,2BM4,2,2025-01-27,18
20,2BM4,2,2025-02-03,18
20,2BM4,2,2025-02-10,10
20,2BM4,2,2025-02-17,38
20,2BM4,2,2025-02-24,6
20,2BM4,2,2025-04-07,20
20,2BM4,2,2025-04-21,15
20,2BM4,2,2025-05-12,12
20,2BM4,2,2025-05-19,21
20,2BM4,2,2025-05-26,16
20,2BM4,2,2025-06-09,3
20,2BM4,2,2025-06-16,1
20,2BM4,2,2025-06-23,19
20,2BM4,2,2025-07-07,3
20,2BM4,2,2025-07-14,3
20,2BM4,2,2025-07-28,3
20,2BM4,2,2025-08-04,17
20,2BM4,2,2025-08-11,18
20,2BM4,2,2025-08-18,375
20,2BM4,2,2025-08-25,18
20,2BM4,2,2025-09-15,27
20,2BM4,2,2025-09-22,943
20,2BM4,2,2025-11-03,27
20,2BM4,2,2025-11-10,16
20,2BM4,2,2025-11-17,15
20,2BM4,2,2025-11-24,1
20,2BM4,2,2025-12-08,22
20,2BM4,2,2025-12-15,34
20,2BM4,2,2025-12-22,38
20,2MB4,1,2025-01-13,52
20,2MB4,1,2025-01-20,66
20,2MB4,1,2025-01-27,36
20,2MB4,1,2025-02-03,23
20,2MB4,1,2025-02-10,15
20,2MB4,1,2025-02-17,8
20,2MB4,1,2025-02-24,19
20,2MB4,1,2025-04-07,29
20,2MB4,1,2025-04-14,15
20,2MB4,1,2025-04-21,31
20,2MB4,1,2025-05-05,28
20,2MB4,1,2025-05-12,23
20,2MB4,1,2025-05-19,25
20,2MB4,1,2025-05-26,20
20,2MB4,1,2025-06-16,11
20,2MB4,1,2025-06-23,17
20,2MB4,1,2025-07-07,3
20,2MB4,1,2025-07-14,16
20,2MB4,1,2025-07-21,20
20,2MB4,1,2025-07-28,20
20,2MB4,1,2025-08-04,35
20,2MB4,1,2025-08-11,15
20,2MB4,1,2025-08-18,16
20,2MB4,1,2025-08-25,36
20,2MB4,1,2025-09-08,24
20,2MB4,1,2025-09-15,34
20,2MB4,1,2025-09-22,29
20,2MB4,1,2025-10-06,36
20,2MB4,1,2025-11-03,27
20,2MB4,1,2025-11-10,23
20,2MB4,1,2025-11-17,25
20,2MB4,1,2025-11-24,29
20,2MB4,1,2025-12-08,33
20,2MB4,1,2025-12-15,37
20,2MB4,1,2025-12-22,26
20,2MB4,2,2025-01-13,52
20,2MB4,2,2025-01-20,66
20,2MB4,2,2025-01-27,36
20,2MB4,2,2025-02-03,23
20,2MB4,2,2025-02-10,15
20,2MB4,2,2025-02-17,8
20,2MB4,2,2025-02-24,19
20,2MB4,2,2025-04-07,29
20,2MB4,2,2025-04-14,15
20,2MB4,2,2025-04-21,31
20,2MB4,2,2025-05-05,28
20,2MB4,2,2025-05-12,23
20,2MB4,2,2025-05-19,25
20,2MB4,2,2025-05-26,20
20,2MB4,2,2025-06-16,11
20,2MB4,2,2025-06-23,17
20,2MB4,2,2025-07-07,3
20,2MB4,2,2025-07-14,16
20,2MB4,2,2025-07-21,20
20,2MB4,2,2025-07-28,20
20,2MB4,2,2025-08-04,35
20,2MB4,2,2025-08-11,15
20,2MB4,2,2025-08-18,16
20,2MB4,2,2025-08-25,36
20,2MB4,2,2025-09-08,24
20,2MB4,2,2025-09-15,34
20,2MB4,2,2025-09-22,29
20,2MB4,2,2025-10-06,36
20,2MB4,2,2025-11-03,27
20,2MB4,2,2025-11-10,23
20,2MB4,2,2025-11-17,25
20,2MB4,2,2025-11-24,29
20,2MB4,2,2025-12-08,33
20,2MB4,2,2025-12-15,37
20,2MB4,2,2025-12-22,26
20,3BM4,1,2025-01-07,50
20,3BM4,1,2025-01-14,40
20,3BM4,1,2025-01-21,32
20,3BM4,1,2025-02-04,19
20,3BM4,1,2025-02-11,8
20,3BM4,1,2025-02-18,15
20,3BM4,1,2025-02-25,10
20,3BM4,1,2025-04-08,14
20,3BM4,1,2025-05-27,10
20,3BM4,1,2025-06-24,2
20,3BM4,1,2025-08-05,15
20,3BM4,1,2025-08-19,5
20,3BM4,1,2025-09-09,4
20,3BM4,1,2025-09-16,50
20,3BM4,1,2025-09-23,29
20,3BM4,1,2025-10-07,69
20,3BM4,1,2025-11-04,16
20,3BM4,1,2025-11-11,10
20,3BM4,1,2025-11-18,29
20,3BM4,1,2025-11-25,15
20,3BM4,1,2025-12-09,25
20,3BM4,1,2025-12-16,35
20,3BM4,1,2025-12-23,42
20,3BM4,2,2025-01-07,50
20,3BM4,2,2025-01-14,40
20,3BM4,2,2025-01-21,32
20,3BM4,2,2025-02-04,19
20,3BM4,2,2025-02-11,8
20,3BM4,2,2025-02-18,15
20,3BM4,2,2025-02-25,10
20,3BM4,2,2025-04-08,14
20,3BM4,2,2025-05-27,10
20,3BM4,2,2025-06-24,2
20,3BM4,2,2025-08-05,15
20,3BM4,2,2025-08-19,5
20,3BM4,2,2025-09-09,4
20,3BM4,2,2025-09-16,50
20,3BM4,2,2025-09-23,29
20,3BM4,2,2025-10-07,69
20,3BM4,2,2025-11-04,16
20,3BM4,2,2025-11-11,10
20,3BM4,2,2025-11-18,29
20,3BM4,2,2025-11-25,15
20,3BM4,2,2025-12-09,25
20,3BM4,2,2025-12-16,35
20,3BM4,2,2025-12-23,42
20,3BM4,3,2025-01-07,50
20,3BM4,3,2025-01-14,40
20,3BM4,3,2025-01-21,36
20,3BM4,3,2025-02-04,35
20,3BM4,3,2025-02-11,24
20,3BM4,3,2025-02-18,27
20,3BM4,3,2025-02-25,16
20,3BM4,3,2025-03-11,2
20,3BM4,3,2025-04-08,22
20,3BM4,3,2025-04-15,9
20,3BM4,3,2025-04-22,11
20,3BM4,3,2025-05-06,12
20,3BM4,3,2025-05-13,11
20,3BM4,3,2025-05-20,16
20,3BM4,3,2025-05-27,20
20,3BM4,3,2025-06-03,6
20,3BM4,3,2025-06-10,15
20,3BM4,3,2025-06-24,16
20,3BM4,3,2025-07-22,11
20,3BM4,3,2025-08-05,24
20,3BM4,3,2025-08-12,4
20,3BM4,3,2025-08-19,15
20,3BM4,3,2025-08-26,13
20,3BM4,3,2025-09-09,17
20,3BM4,3,2025-09-16,64
20,3BM4,3,2025-09-23,40
20,3BM4,3,2025-10-07,73
20,3BM4,3,2025-10-14,1
20,3BM4,3,2025-10-21,3
20,3BM4,3,2025-11-04,16
20,3BM4,3,2025-11-11,11
20,3BM4,3,2025-11-18,29
20,3BM4,3,2025-11-25,31
20,3BM4,3,2025-12-09,25
20,3BM4,3,2025-12-16,41
20,3BM4,3,2025-12-23,52
20,3MB4,1,2025-01-07,34
20,3MB4,1,2025-01-14,37
20,3MB4,1,2025-01-21,38
20,3MB4,1,2025-02-04,17
20,3MB4,1,2025-02-11,13
20,3MB4,1,2025-02-18,15
20,3MB4,1,2025-02-25,14
20,3MB4,1,2025-03-11,3
20,3MB4,1,2025-03-25,10
20,3MB4,1,2025-04-08,31
20,3MB4,1,2025-04-15,19
20,3MB4,1,2025-04-22,17
20,3MB4,1,2025-05-06,22
20,3MB4,1,2025-05-13,16
20,3MB4,1,2025-05-20,23
20,3MB4,1,2025-05-27,18
20,3MB4,1,2025-06-03,12
20,3MB4,1,2025-06-10,27
20,3MB4,1,2025-06-17,30
20,3MB4,1,2025-06-24,19
20,3MB4,1,2025-07-08,15
20,3MB4,1,2025-07-15,22
20,3MB4,1,2025-07-22,20
20,3MB4,1,2025-08-05,22
20,3MB4,1,2025-08-12,24
20,3MB4,1,2025-08-19,20
20,3MB4,1,2025-08-26,20
20,3MB4,1,2025-09-09,21
20,3MB4,1,2025-09-16,23
20,3MB4,1,2025-09-23,23
20,3MB4,1,2025-10-07,42
20,3MB4,1,2025-10-28,19
20,3MB4,1,2025-11-04,14
20,3MB4,1,2025-11-18,25
20,3MB4,1,2025-11-25,31
20,3MB4,1,2025-12-09,20
20,3MB4,1,2025-12-16,19
20,3MB4,1,2025-12-23,23
20,3MB4,2,2025-01-07,34
20,3MB4,2,2025-01-14,37
20,3MB4,2,2025-01-21,38
20,3MB4,2,2025-02-04,17
20,3MB4,2,2025-02-11,13
20,3MB4,2,2025-02-18,15
20,3MB4,2,2025-02-25,14
20,3MB4,2,2025-03-11,3
20,3MB4,2,2025-03-25,10
20,3MB4,2,2025-04-08,31
20,3MB4,2,2025-04-15,19
20,3MB4,2,2025-04-22,17
20,3MB4,2,2025-05-06,22
20,3MB4,2,2025-05-13,16
20,3MB4,2,2025-05-20,23
20,3MB4,2,2025-05-27,18
20,3MB4,2,2025-06-03,12
20,3MB4,2,2025-06-10,27
20,3MB4,2,2025-06-17,30
20,3MB4,2,2025-06-24,19
20,3MB4,2,2025-07-08,15
20,3MB4,2,2025-07-15,22
20,3MB4,2,2025-07-22,20
20,3MB4,2,2025-08-05,22
20,3MB4,2,2025-08-12,24
20,3MB4,2,2025-08-19,20
20,3MB4,2,2025-08-26,20
20,3MB4,2,2025-09-09,21
20,3MB4,2,2025-09-16,23
20,3MB4,2,2025-09-23,23
20,3MB4,2,2025-10-07,42
20,3MB4,2,2025-10-28,19
20,3MB4,2,2025-11-04,14
20,3MB4,2,2025-11-18,25
20,3MB4,2,2025-11-25,31
20,3MB4,2,2025-12-09,20
20,3MB4,2,2025-12-16,19
20,3MB4,2,2025-12-23,23
20,3MB5,1,2025-02-04,20
20,3MB5,1,2025-02-11,46
20,3MB5,1,2025-02-25,32
20,3MB5,1,2025-03-11,22
20,3MB5,1,2025-03-18,12
20,3MB5,1,2025-03-25,22
20,3MB5,1,2025-04-01,63
20,3MB5,1,2025-08-12,27
20,3MB5,1,2025-09-02,42
20,3MB5,1,2025-09-09,12
20,3MB5,1,2025-09-16,42
20,3MB5,1,2025-09-23,12
20,3MB5,1,2025-10-07,122
20,3MB5,2,2025-02-04,20
20,3MB5,2,2025-02-11,46
20,3MB5,2,2025-02-25,32
20,3MB5,2,2025-03-11,22
20,3MB5,2,2025-03-18,12
20,3MB5,2,2025-03-25,22
20,3MB5,2,2025-04-01,63
20,3MB5,2,2025-08-12,27
20,3MB5,2,2025-09-02,42
20,3MB5,2,2025-09-09,12
20,3MB5,2,2025-09-16,42
20,3MB5,2,2025-09-23,12
20,3MB5,2,2025-10-07,122
20,3MB5,3,2025-02-04,42
20,3MB5,3,2025-02-11,61
20,3MB5,3,2025-02-25,55
20,3MB5,3,2025-03-11,48
20,3MB5,3,2025-03-18,33
20,3MB5,3,2025-03-25,29
20,3MB5,3,2025-04-01,93
20,3MB5,3,2025-05-06,17
20,3MB5,3,2025-08-05,38
20,3MB5,3,2025-08-12,75
20,3MB5,3,2025-09-02,90
20,3MB5,3,2025-09-09,60
20,3MB5,3,2025-09-16,90
20,3MB5,3,2025-09-23,34
20,3MB5,3,2025-10-07,122
20,4BM4,1,2025-01-08,12
20,4BM4,1,2025-01-15,29
20,4BM4,1,2025-01-22,20
20,4BM4,1,2025-02-05,19
20,4BM4,1,2025-02-12,14
20,4BM4,1,2025-02-19,17
20,4BM4,1,2025-04-09,23
20,4BM4,1,2025-04-16,19
20,4BM4,1,2025-04-23,19
20,4BM4,1,2025-05-07,15
20,4BM4,1,2025-05-14,11
20,4BM4,1,2025-05-21,4
20,4BM4,1,2025-05-28,11
20,4BM4,1,2025-06-11,15
20,4BM4,1,2025-06-18,9
20,4BM4,1,2025-06-25,7
20,4BM4,1,2025-07-23,4
20,4BM4,1,2025-08-06,25
20,4BM4,1,2025-08-20,16
20,4BM4,1,2025-08-27,16
20,4BM4,1,2025-09-03,13
20,4BM4,1,2025-09-10,7
20,4BM4,1,2025-09-24,19
20,4BM4,1,2025-10-08,49
20,4BM4,1,2025-11-05,12
20,4BM4,1,2025-11-12,16
20,4BM4,1,2025-11-19,16
20,4BM4,1,2025-11-26,14
20,4BM4,1,2025-12-03,24
20,4BM4,1,2025-12-10,22
20,4BM4,1,2025-12-17,24
20,4BM4,1,2025-12-24,18
20,4BM4,1,2025-12-31,16
20,4BM4,2,2025-01-08,12
20,4BM4,2,2025-01-15,29
20,4BM4,2,2025-01-22,20
20,4BM4,2,2025-02-05,19
20,4BM4,2,2025-02-12,14
20,4BM4,2,2025-02-19,17
20,4BM4,2,2025-04-09,23
20,4BM4,2,2025-04-16,19
20,4BM4,2,2025-04-23,19
20,4BM4,2,2025-05-07,15
20,4BM4,2,2025-05-14,11
20,4BM4,2,2025-05-21,4
20,4BM4,2,2025-05-28,11
20,4BM4,2,2025-06-11,15
20,4BM4,2,2025-06-18,9
20,4BM4,2,2025-06-25,7
20,4BM4,2,2025-07-23,4
20,4BM4,2,2025-08-06,25
20,4BM4,2,2025-08-20,16
20,4BM4,2,2025-08-27,16
20,4BM4,2,2025-09-03,13
20,4BM4,2,2025-09-10,7
20,4BM4,2,2025-09-24,19
20,4BM4,2,2025-10-08,49
20,4BM4,2,2025-11-05,12
20,4BM4,2,2025-11-12,16
20,4BM4,2,2025-11-19,16
20,4BM4,2,2025-11-26,14
20,4BM4,2,2025-12-03,24
20,4BM4,2,2025-12-10,22
20,4BM4,2,2025-12-17,24
20,4BM4,2,2025-12-24,18
20,4BM4,2,2025-12-31,16
20,4MB4,1,2025-01-08,35
20,4MB4,1,2025-01-15,32
20,4MB4,1,2025-01-22,21
20,4MB4,1,2025-02-05,17
20,4MB4,1,2025-02-12,32
20,4MB4,1,2025-02-19,10
20,4MB4,1,2025-03-05,3
20,4MB4,1,2025-03-12,2
20,4MB4,1,2025-03-19,15
20,4MB4,1,2025-04-09,17
20,4MB4,1,2025-04-16,17
20,4MB4,1,2025-04-23,35
20,4MB4,1,2025-05-07,5
20,4MB4,1,2025-05-14,7
20,4MB4,1,2025-05-21,15
20,4MB4,1,2025-05-28,17
20,4MB4,1,2025-06-04,10
20,4MB4,1,2025-06-11,16
20,4MB4,1,2025-06-18,13
20,4MB4,1,2025-06-25,22
20,4MB4,1,2025-07-09,21
20,4MB4,1,2025-07-16,10
20,4MB4,1,2025-07-23,13
20,4MB4,1,2025-08-06,11
20,4MB4,1,2025-08-13,15
20,4MB4,1,2025-08-20,25
20,4MB4,1,2025-08-27,20
20,4MB4,1,2025-09-03,26
20,4MB4,1,2025-09-10,15
20,4MB4,1,2025-09-17,17
20,4MB4,1,2025-09-24,13
20,4MB4,1,2025-10-01,24
20,4MB4,1,2025-10-08,33
20,4MB4,1,2025-10-15,3
20,4MB4,1,2025-11-05,19
20,4MB4,1,2025-11-12,14
20,4MB4,1,2025-11-19,11
20,4MB4,1,2025-11-26,17
20,4MB4,1,2025-12-03,24
20,4MB4,1,2025-12-10,31
20,4MB4,1,2025-12-17,25
20,4MB4,1,2025-12-24,19
20,4MB4,1,2025-12-31,29
20,4MB4,2,2025-01-08,35
20,4MB4,2,2025-01-15,32
20,4MB4,2,2025-01-22,21
20,4MB4,2,2025-02-05,17
20,4MB4,2,2025-02-12,32
20,4MB4,2,2025-02-19,10
20,4MB4,2,2025-03-05,3
20,4MB4,2,2025-03-12,2
20,4MB4,2,2025-03-19,15
20,4MB4,2,2025-04-09,17
20,4MB4,2,2025-04-16,17
20,4MB4,2,2025-04-23,35
20,4MB4,2,2025-05-07,5
20,4MB4,2,2025-05-14,7
20,4MB4,2,2025-05-21,15
20,4MB4,2,2025-05-28,17
20,4MB4,2,2025-06-04,10
20,4MB4,2,2025-06-11,16
20,4MB4,2,2025-06-18,13
20,4MB4,2,2025-06-25,22
20,4MB4,2,2025-07-09,21
20,4MB4,2,2025-07-16,10
20,4MB4,2,2025-07-23,13
20,4MB4,2,2025-08-06,11
20,4MB4,2,2025-08-13,15
20,4MB4,2,2025-08-20,25
20,4MB4,2,2025-08-27,20
20,4MB4,2,2025-09-03,26
20,4MB4,2,2025-09-10,15
20,4MB4,2,2025-09-17,17
20,4MB4,2,2025-09-24,13
20,4MB4,2,2025-10-01,24
20,4MB4,2,2025-10-08,33
20,4MB4,2,2025-10-15,3
20,4MB4,2,2025-11-05,19
20,4MB4,2,2025-11-12,14
20,4MB4,2,2025-11-19,11
20,4MB4,2,2025-11-26,17
20,4MB4,2,2025-12-03,24
20,4MB4,2,2025-12-10,31
20,4MB4,2,2025-12-17,25
20,4MB4,2,2025-12-24,19
20,4MB4,2,2025-12-31,29
20,5BM4,1,2025-01-09,33
20,5BM4,1,2025-01-16,24
20,5BM4,1,2025-01-23,18
20,5BM4,1,2025-02-06,14
20,5BM4,1,2025-02-13,9
20,5BM4,1,2025-02-20,17
20,5BM4,1,2025-04-03,22
20,5BM4,1,2025-04-10,11
20,5BM4,1,2025-04-17,13
20,5BM4,1,2025-05-08,15
20,5BM4,1,2025-05-15,4
20,5BM4,1,2025-06-05,8
20,5BM4,1,2025-06-12,10
20,5BM4,1,2025-06-19,9
20,5BM4,1,2025-06-26,4
20,5BM4,1,2025-07-03,9
20,5BM4,1,2025-08-07,18
20,5BM4,1,2025-08-14,14
20,5BM4,1,2025-08-21,12
20,5BM4,1,2025-08-28,15
20,5BM4,1,2025-09-11,4
20,5BM4,1,2025-09-18,9
20,5BM4,1,2025-09-25,16
20,5BM4,1,2025-11-06,9
20,5BM4,1,2025-11-13,16
20,5BM4,1,2025-11-20,14
20,5BM4,1,2025-11-27,16
20,5BM4,1,2025-12-04,13
20,5BM4,1,2025-12-11,13
20,5BM4,1,2025-12-18,9
20,5BM4,1,2025-12-25,32
20,5BM4,2,2025-01-09,33
20,5BM4,2,2025-01-16,24
20,5BM4,2,2025-01-23,18
20,5BM4,2,2025-02-06,14
20,5BM4,2,2025-02-13,9
20,5BM4,2,2025-02-20,17
20,5BM4,2,2025-04-03,22
20,5BM4,2,2025-04-10,11
20,5BM4,2,2025-04-17,13
20,5BM4,2,2025-05-08,15
20,5BM4,2,2025-05-15,4
20,5BM4,2,2025-06-05,8
20,5BM4,2,2025-06-12,10
20,5BM4,2,2025-06-19,9
20,5BM4,2,2025-06-26,4
20,5BM4,2,2025-07-03,9
20,5BM4,2,2025-08-07,18
20,5BM4,2,2025-08-14,14
20,5BM4,2,2025-08-21,12
20,5BM4,2,2025-08-28,15
20,5BM4,2,2025-09-11,4
20,5BM4,2,2025-09-18,9
20,5BM4,2,2025-09-25,16
20,5BM4,2,2025-11-06,9
20,5BM4,2,2025-11-13,16
20,5BM4,2,2025-11-20,14
20,5BM4,2,2025-11-27,16
20,5BM4,2,2025-12-04,13
20,5BM4,2,2025-12-11,13
20,5BM4,2,2025-12-18,9
20,5BM4,2,2025-12-25,32
20,5MB4,1,2025-01-09,35
20,5MB4,1,2025-01-16,44
20,5MB4,1,2025-01-23,45
20,5MB4,1,2025-02-06,17
20,5MB4,1,2025-02-13,30
20,5MB4,1,2025-02-20,18
20,5MB4,1,2025-04-03,27
20,5MB4,1,2025-04-10,27
20,5MB4,1,2025-04-17,20
20,5MB4,1,2025-05-08,9
20,5MB4,1,2025-05-15,9
20,5MB4,1,2025-05-22,1
20,5MB4,1,2025-06-12,1
20,5MB4,1,2025-06-19,7
20,5MB4,1,2025-06-26,14
20,5MB4,1,2025-07-17,4
20,5MB4,1,2025-08-07,29
20,5MB4,1,2025-08-21,5
20,5MB4,1,2025-08-28,17
20,5MB4,1,2025-09-04,14
20,5MB4,1,2025-09-11,19
20,5MB4,1,2025-09-18,9
20,5MB4,1,2025-11-06,24
20,5MB4,1,2025-11-13,30
20,5MB4,1,2025-11-20,39
20,5MB4,1,2025-11-27,31
20,5MB4,1,2025-12-04,38
20,5MB4,1,2025-12-11,35
20,5MB4,1,2025-12-18,29
20,5MB4,1,2025-12-25,32
20,5MB4,2,2025-01-09,35
20,5MB4,2,2025-01-16,44
20,5MB4,2,2025-01-23,45
20,5MB4,2,2025-02-06,17
20,5MB4,2,2025-02-13,30
20,5MB4,2,2025-02-20,18
20,5MB4,2,2025-04-03,27
20,5MB4,2,2025-04-10,27
20,5MB4,2,2025-04-17,20
20,5MB4,2,2025-05-08,9
20,5MB4,2,2025-05-15,9
20,5MB4,2,2025-05-22,1
20,5MB4,2,2025-06-12,1
20,5MB4,2,2025-06-19,7
20,5MB4,2,2025-06-26,14
20,5MB4,2,2025-07-17,4
20,5MB4,2,2025-08-07,29
20,5MB4,2,2025-08-21,5
20,5MB4,2,2025-08-28,17
20,5MB4,2,2025-09-04,14
20,5MB4,2,2025-09-11,19
20,5MB4,2,2025-09-18,9
20,5MB4,2,2025-11-06,24
20,5MB4,2,2025-11-13,30
20,5MB4,2,2025-11-20,39
20,5MB4,2,2025-11-27,31
20,5MB4,2,2025-12-04,38
20,5MB4,2,2025-12-11,35
20,5MB4,2,2025-12-18,29
20,5MB4,2,2025-12-25,32
20,6BM4,1,2025-01-17,41
20,6BM4,1,2025-01-24,26
20,6BM4,1,2025-01-31,15
20,6BM4,1,2025-02-07,22
20,6BM4,1,2025-02-14,16
20,6BM4,1,2025-02-21,20
20,6BM4,1,2025-02-28,35
20,6BM4,1,2025-03-07,29
20,6BM4,1,2025-03-14,6
20,6BM4,1,2025-03-21,42
20,6BM4,1,2025-03-28,135
20,6BM4,1,2025-04-11,354
20,6BM4,1,2025-05-16,15
20,6BM4,1,2025-05-23,19
20,6BM4,1,2025-05-30,22
20,6BM4,1,2025-06-27,17
20,6BM4,1,2025-07-11,16
20,6BM4,1,2025-07-18,329
20,6BM4,1,2025-07-25,11
20,6BM4,1,2025-08-22,18
20,6BM4,1,2025-08-29,11
20,6BM4,1,2025-09-12,19
20,6BM4,1,2025-09-26,94
20,6BM4,1,2025-10-10,66
20,6BM4,1,2025-10-17,20
20,6BM4,1,2025-10-24,9
20,6BM4,1,2025-11-14,18
20,6BM4,1,2025-11-28,31
20,6BM4,1,2025-12-12,15
20,6BM4,1,2025-12-19,29
20,6BM4,1,2025-12-26,28
20,6BM4,2,2025-01-17,41
20,6BM4,2,2025-01-24,26
20,6BM4,2,2025-01-31,15
20,6BM4,2,2025-02-07,22
20,6BM4,2,2025-02-14,16
20,6BM4,2,2025-02-21,20
20,6BM4,2,2025-02-28,35
20,6BM4,2,2025-03-07,29
20,6BM4,2,2025-03-14,6
20,6BM4,2,2025-03-21,42
20,6BM4,2,2025-03-28,135
20,6BM4,2,2025-04-11,354
20,6BM4,2,2025-05-16,15
20,6BM4,2,2025-05-23,19
20,6BM4,2,2025-05-30,22
20,6BM4,2,2025-06-27,17
20,6BM4,2,2025-07-11,16
20,6BM4,2,2025-07-18,329
20,6BM4,2,2025-07-25,11
20,6BM4,2,2025-08-22,18
20,6BM4,2,2025-08-29,11
20,6BM4,2,2025-09-12,19
20,6BM4,2,2025-09-26,94
20,6BM4,2,2025-10-10,66
20,6BM4,2,2025-10-17,20
20,6BM4,2,2025-10-24,9
20,6BM4,2,2025-11-14,18
20,6BM4,2,2025-11-28,31
20,6BM4,2,2025-12-12,15
20,6BM4,2,2025-12-19,29
20,6BM4,2,2025-12-26,28
20,6BM4,3,2025-01-17,41
20,6BM4,3,2025-01-24,26
20,6BM4,3,2025-01-31,15
20,6BM4,3,2025-02-07,22
20,6BM4,3,2025-02-14,16
20,6BM4,3,2025-02-21,20
20,6BM4,3,2025-02-28,35
20,6BM4,3,2025-03-07,29
20,6BM4,3,2025-03-14,6
20,6BM4,3,2025-03-21,42
20,6BM4,3,2025-03-28,135
20,6BM4,3,2025-04-11,354
20,6BM4,3,2025-05-16,15
20,6BM4,3,2025-05-23,19
20,6BM4,3,2025-05-30,22
20,6BM4,3,2025-06-27,17
20,6BM4,3,2025-07-11,16
20,6BM4,3,2025-07-18,329
20,6BM4,3,2025-07-25,11
20,6BM4,3,2025-08-22,18
20,6BM4,3,2025-08-29,11
20,6BM4,3,2025-09-12,19
20,6BM4,3,2025-09-26,94
20,6BM4,3,2025-10-10,66
20,6BM4,3,2025-10-17,20
20,6BM4,3,2025-10-24,9
20,6BM4,3,2025-11-14,18
20,6BM4,3,2025-11-28,31
20,6BM4,3,2025-12-12,15
20,6BM4,3,2025-12-19,29
20,6BM4,3,2025-12-26,28
20,6MB4,1,2025-01-17,39
20,6MB4,1,2025-01-24,37
20,6MB4,1,2025-01-31,17
20,6MB4,1,2025-02-14,25
20,6MB4,1,2025-04-11,31
20,6MB4,1,2025-04-18,11
20,6MB4,1,2025-04-25,28
20,6MB4,1,2025-05-16,23
20,6MB4,1,2025-05-23,18
20,6MB4,1,2025-05-30,20
20,6MB4,1,2025-06-27,22
20,6MB4,1,2025-07-11,17
20,6MB4,1,2025-07-18,16
20,6MB4,1,2025-07-25,23
20,6MB4,1,2025-08-22,29
20,6MB4,1,2025-08-29,26
20,6MB4,1,2025-09-12,15
20,6MB4,1,2025-09-26,12
20,6MB4,1,2025-10-10,41
20,6MB4,1,2025-10-17,5
20,6MB4,1,2025-11-14,35
20,6MB4,1,2025-11-28,24
20,6MB4,1,2025-12-12,36
20,6MB4,1,2025-12-19,18
20,6MB4,1,2025-12-26,23
20,6MB4,2,2025-01-17,39
20,6MB4,2,2025-01-24,37
20,6MB4,2,2025-01-31,17
20,6MB4,2,2025-02-14,25
20,6MB4,2,2025-04-11,31
20,6MB4,2,2025-04-18,11
20,6MB4,2,2025-04-25,28
20,6MB4,2,2025-05-16,23
20,6MB4,2,2025-05-23,18
20,6MB4,2,2025-05-30,20
20,6MB4,2,2025-06-27,22
20,6MB4,2,2025-07-11,17
20,6MB4,2,2025-07-18,16
20,6MB4,2,2025-07-25,23
20,6MB4,2,2025-08-22,29
20,6MB4,2,2025-08-29,26
20,6MB4,2,2025-09-12,15
20,6MB4,2,2025-09-26,12
20,6MB4,2,2025-10-10,41
20,6MB4,2,2025-10-17,5
20,6MB4,2,2025-11-14,35
20,6MB4,2,2025-11-28,24
20,6MB4,2,2025-12-12,36
20,6MB4,2,2025-12-19,18
20,6MB4,2,2025-12-26,23
20,7BM4,1,2025-01-18,167
20,7BM4,1,2025-01-25,23
20,7BM4,1,2025-02-15,12
20,7BM4,1,2025-05-17,7
20,7BM4,1,2025-07-12,13
20,7BM4,1,2025-10-11,16
20,7BM4,1,2025-11-22,23
20,7BM4,1,2025-12-13,14
20,7BM4,1,2025-12-20,25
20,7BM4,1,2025-12-27,32
20,7BM4,2,2025-01-18,167
20,7BM4,2,2025-01-25,23
20,7BM4,2,2025-02-15,12
20,7BM4,2,2025-05-17,7
20,7BM4,2,2025-07-12,13
20,7BM4,2,2025-10-11,16
20,7BM4,2,2025-11-22,23
20,7BM4,2,2025-12-13,14
20,7BM4,2,2025-12-20,25
20,7BM4,2,2025-12-27,32
20,7BM4,3,2025-01-18,167
20,7BM4,3,2025-01-25,23
20,7BM4,3,2025-02-15,12
20,7BM4,3,2025-05-17,7
20,7BM4,3,2025-07-12,13
20,7BM4,3,2025-10-11,16
20,7BM4,3,2025-11-22,23
20,7BM4,3,2025-12-13,14
20,7BM4,3,2025-12-20,25
20,7BM4,3,2025-12-27,32
20,7MB4,1,2025-01-18,65
20,7MB4,1,2025-01-25,71
20,7MB4,1,2025-02-15,55
20,7MB4,1,2025-02-22,58
20,7MB4,1,2025-03-22,13
20,7MB4,1,2025-04-12,28
20,7MB4,1,2025-04-19,34
20,7MB4,1,2025-04-26,13
20,7MB4,1,2025-05-10,21
20,7MB4,1,2025-05-17,17
20,7MB4,1,2025-05-24,9
20,7MB4,1,2025-05-31,10
20,7MB4,1,2025-06-28,59
20,7MB4,1,2025-07-19,1
20,7MB4,1,2025-07-26,85
20,7MB4,1,2025-08-23,26
20,7MB4,1,2025-08-30,26
20,7MB4,1,2025-09-13,18
20,7MB4,1,2025-09-27,95
20,7MB4,1,2025-10-11,39
20,7MB4,1,2025-10-18,1
20,7MB4,1,2025-11-15,28
20,7MB4,1,2025-11-29,16
20,7MB4,1,2025-12-13,24
20,7MB4,1,2025-12-20,43
20,7MB4,1,2025-12-27,59
20,7MB4,2,2025-01-18,64
20,7MB4,2,2025-01-25,67
20,7MB4,2,2025-02-15,55
20,7MB4,2,2025-02-22,54
20,7MB4,2,2025-04-12,28
20,7MB4,2,2025-04-19,30
20,7MB4,2,2025-05-10,5
20,7MB4,2,2025-05-17,7
20,7MB4,2,2025-06-28,59
20,7MB4,2,2025-07-26,85
20,7MB4,2,2025-08-23,26
20,7MB4,2,2025-08-30,24
20,7MB4,2,2025-09-13,18
20,7MB4,2,2025-09-27,95
20,7MB4,2,2025-10-11,30
20,7MB4,2,2025-11-15,24
20,7MB4,2,2025-11-29,13
20,7MB4,2,2025-12-13,20
20,7MB4,2,2025-12-20,40
20,7MB4,2,2025-12-27,56
20,7MB4,3,2025-01-18,65
20,7MB4,3,2025-01-25,71
20,7MB4,3,2025-02-15,55
20,7MB4,3,2025-02-22,58
20,7MB4,3,2025-03-22,13
20,7MB4,3,2025-04-12,28
20,7MB4,3,2025-04-19,34
20,7MB4,3,2025-04-26,13
20,7MB4,3,2025-05-10,21
20,7MB4,3,2025-05-17,17
20,7MB4,3,2025-05-24,9
20,7MB4,3,2025-05-31,10
20,7MB4,3,2025-06-28,59
20,7MB4,3,2025-07-19,1
20,7MB4,3,2025-07-26,85
20,7MB4,3,2025-08-23,26
20,7MB4,3,2025-08-30,26
20,7MB4,3,2025-09-13,18
20,7MB4,3,2025-09-27,95
20,7MB4,3,2025-10-11,39
20,7MB4,3,2025-10-18,1
20,7MB4,3,2025-11-15,28
20,7MB4,3,2025-11-29,16
20,7MB4,3,2025-12-13,24
20,7MB4,3,2025-12-20,43
20,7MB4,3,2025-12-27,59
30,3BM4,3,2025-09-23,1
30,3MB5,1,2025-10-07,14
30,3MB5,2,2025-10-07,14
30,3MB5,3,2025-02-04,2
30,3MB5,3,2025-02-25,2
30,3MB5,3,2025-10-07,14
30,4BM4,1,2025-09-24,3
30,4BM4,2,2025-09-24,3
30,5BM4,1,2025-09-25,2
30,5BM4,2,2025-09-25,2
30,6BM4,1,2025-09-26,3
30,6BM4,2,2025-09-26,3
30,6BM4,3,2025-09-26,3
40,2BM4,1,2025-01-13,6
40,2BM4,1,2025-01-20,9
40,2BM4,1,2025-01-27,15
40,2BM4,1,2025-04-07,10
40,2BM4,1,2025-04-21,27
40,2BM4,1,2025-05-12,18
40,2BM4,1,2025-05-26,1
40,2BM4,1,2025-08-18,5
40,2BM4,1,2025-08-25,1
40,2BM4,1,2025-09-15,2
40,2BM4,1,2025-11-03,5
40,2BM4,1,2025-11-10,6
40,2BM4,1,2025-11-17,1
40,2BM4,1,2025-12-08,11
40,2BM4,1,2025-12-15,5
40,2BM4,1,2025-12-22,5
40,2BM4,2,2025-01-13,6
40,2BM4,2,2025-01-20,9
40,2BM4,2,2025-01-27,15
40,2BM4,2,2025-04-07,10
40,2BM4,2,2025-04-21,27
40,2BM4,2,2025-05-12,18
40,2BM4,2,2025-05-26,1
40,2BM4,2,2025-08-18,5
40,2BM4,2,2025-08-25,1
40,2BM4,2,2025-09-15,2
40,2BM4,2,2025-11-03,5
40,2BM4,2,2025-11-10,6
40,2BM4,2,2025-11-17,1
40,2BM4,2,2025-12-08,11
40,2BM4,2,2025-12-15,5
40,2BM4,2,2025-12-22,5
40,2MB4,1,2025-01-13,7
40,2MB4,1,2025-01-20,4
40,2MB4,1,2025-01-27,7
40,2MB4,1,2025-04-07,3
40,2MB4,1,2025-04-14,7
40,2MB4,1,2025-04-21,10
40,2MB4,1,2025-05-12,3
40,2MB4,1,2025-05-19,8
40,2MB4,1,2025-05-26,1
40,2MB4,1,2025-08-04,3
40,2MB4,1,2025-08-18,5
40,2MB4,1,2025-09-15,6
40,2MB4,1,2025-10-06,34
40,2MB4,1,2025-11-03,10
40,2MB4,1,2025-11-17,8
40,2MB4,1,2025-11-24,3
40,2MB4,1,2025-12-08,8
40,2MB4,1,2025-12-15,9
40,2MB4,2,2025-01-13,7
40,2MB4,2,2025-01-20,4
40,2MB4,2,2025-01-27,7
40,2MB4,2,2025-04-07,3
40,2MB4,2,2025-04-14,7
40,2MB4,2,2025-04-21,10
40,2MB4,2,2025-05-12,3
40,2MB4,2,2025-05-19,8
40,2MB4,2,2025-05-26,1
40,2MB4,2,2025-08-04,3
40,2MB4,2,2025-08-18,5
40,2MB4,2,2025-09-15,6
40,2MB4,2,2025-10-06,34
40,2MB4,2,2025-11-03,10
40,2MB4,2,2025-11-17,8
40,2MB4,2,2025-11-24,3
40,2MB4,2,2025-12-08,8
40,2MB4,2,2025-12-15,9
40,3BM4,1,2025-01-07,6
40,3BM4,1,2025-01-14,11
40,3BM4,1,2025-10-07,21
40,3BM4,1,2025-11-04,3
40,3BM4,1,2025-11-11,5
40,3BM4,1,2025-11-18,1
40,3BM4,1,2025-12-09,4
40,3BM4,2,2025-01-07,6
40,3BM4,2,2025-01-14,11
40,3BM4,2,2025-10-07,21
40,3BM4,2,2025-11-04,3
40,3BM4,2,2025-11-11,5
40,3BM4,2,2025-11-18,1
40,3BM4,2,2025-12-09,4
40,3BM4,3,2025-01-07,14
40,3BM4,3,2025-01-14,19
40,3BM4,3,2025-01-21,6
40,3BM4,3,2025-02-18,2
40,3BM4,3,2025-02-25,5
40,3BM4,3,2025-04-08,4
40,3BM4,3,2025-05-27,3
40,3BM4,3,2025-06-24,1
40,3BM4,3,2025-08-05,2
40,3BM4,3,2025-09-16,1
40,3BM4,3,2025-10-07,21
40,3BM4,3,2025-11-04,11
40,3BM4,3,2025-11-11,11
40,3BM4,3,2025-11-18,9
40,3BM4,3,2025-12-09,12
40,3BM4,3,2025-12-16,5
40,3BM4,3,2025-12-23,3
40,3MB4,1,2025-01-14,30
40,3MB4,1,2025-01-21,23
40,3MB4,1,2025-02-04,7
40,3MB4,1,2025-02-11,1
40,3MB4,1,2025-02-18,13
40,3MB4,1,2025-02-25,10
40,3MB4,1,2025-04-08,15
40,3MB4,1,2025-04-15,9
40,3MB4,1,2025-05-06,10
40,3MB4,1,2025-05-13,8
40,3MB4,1,2025-05-20,12
40,3MB4,1,2025-05-27,9
40,3MB4,1,2025-06-10,4
40,3MB4,1,2025-06-24,6
40,3MB4,1,2025-07-15,2
40,3MB4,1,2025-07-22,4
40,3MB4,1,2025-08-05,10
40,3MB4,1,2025-08-12,11
40,3MB4,1,2025-08-19,12
40,3MB4,1,2025-08-26,5
40,3MB4,1,2025-09-09,4
40,3MB4,1,2025-09-16,9
40,3MB4,1,2025-09-23,1
40,3MB4,1,2025-10-07,40
40,3MB4,1,2025-10-28,3
40,3MB4,1,2025-11-04,5
40,3MB4,1,2025-11-18,5
40,3MB4,1,2025-12-09,12
40,3MB4,1,2025-12-16,13
40,3MB4,1,2025-12-23,9
40,3MB4,2,2025-01-14,30
40,3MB4,2,2025-01-21,23
40,3MB4,2,2025-02-04,7
40,3MB4,2,2025-02-11,1
40,3MB4,2,2025-02-18,13
40,3MB4,2,2025-02-25,10
40,3MB4,2,2025-04-08,15
40,3MB4,2,2025-04-15,9
40,3MB4,2,2025-05-06,10
40,3MB4,2,2025-05-13,8
40,3MB4,2,2025-05-20,12
40,3MB4,2,2025-05-27,9
40,3MB4,2,2025-06-10,4
40,3MB4,2,2025-06-24,6
40,3MB4,2,2025-07-15,2
40,3MB4,2,2025-07-22,4
40,3MB4,2,2025-08-05,10
40,3MB4,2,2025-08-12,11
40,3MB4,2,2025-08-19,12
40,3MB4,2,2025-08-26,5
40,3MB4,2,2025-09-09,4
40,3MB4,2,2025-09-16,9
40,3MB4,2,2025-09-23,1
40,3MB4,2,2025-10-07,40
40,3MB4,2,2025-10-28,3
40,3MB4,2,2025-11-04,5
40,3MB4,2,2025-11-18,5
40,3MB4,2,2025-12-09,12
40,3MB4,2,2025-12-16,13
40,3MB4,2,2025-12-23,9
40,3MB5,1,2025-03-25,8
40,3MB5,1,2025-10-07,22
40,3MB5,2,2025-03-25,8
40,3MB5,2,2025-10-07,22
40,3MB5,3,2025-02-04,11
40,3MB5,3,2025-02-11,11
40,3MB5,3,2025-02-25,6
40,3MB5,3,2025-03-11,11
40,3MB5,3,2025-03-18,10
40,3MB5,3,2025-03-25,12
40,3MB5,3,2025-04-01,9
40,3MB5,3,2025-09-23,13
40,3MB5,3,2025-10-07,46
40,4BM4,1,2025-01-15,6
40,4BM4,1,2025-02-05,10
40,4BM4,1,2025-02-12,3
40,4BM4,1,2025-02-19,8
40,4BM4,1,2025-04-09,3
40,4BM4,1,2025-08-06,2
40,4BM4,1,2025-08-27,1
40,4BM4,1,2025-09-03,5
40,4BM4,1,2025-09-24,2
40,4BM4,1,2025-10-08,29
40,4BM4,1,2025-11-05,5
40,4BM4,1,2025-11-12,6
40,4BM4,1,2025-11-26,9
40,4BM4,1,2025-12-03,16
40,4BM4,1,2025-12-10,6
40,4BM4,1,2025-12-24,11
40,4BM4,1,2025-12-31,5
40,4BM4,2,2025-01-15,6
40,4BM4,2,2025-02-05,10
40,4BM4,2,2025-02-12,3
40,4BM4,2,2025-02-19,8
40,4BM4,2,2025-04-09,3
40,4BM4,2,2025-08-06,2
40,4BM4,2,2025-08-27,1
40,4BM4,2,2025-09-03,5
40,4BM4,2,2025-09-24,2
40,4BM4,2,2025-10-08,29
40,4BM4,2,2025-11-05,5
40,4BM4,2,2025-11-12,6
40,4BM4,2,2025-11-26,9
40,4BM4,2,2025-12-03,16
40,4BM4,2,2025-12-10,6
40,4BM4,2,2025-12-24,11
40,4BM4,2,2025-12-31,5
40,4MB4,1,2025-01-08,17
40,4MB4,1,2025-01-15,18
40,4MB4,1,2025-01-22,9
40,4MB4,1,2025-02-05,16
40,4MB4,1,2025-02-12,15
40,4MB4,1,2025-02-19,13
40,4MB4,1,2025-04-09,20
40,4MB4,1,2025-04-16,17
40,4MB4,1,2025-04-23,14
40,4MB4,1,2025-05-07,13
40,4MB4,1,2025-05-14,8
40,4MB4,1,2025-05-21,13
40,4MB4,1,2025-05-28,11
40,4MB4,1,2025-06-04,9
40,4MB4,1,2025-06-11,11
40,4MB4,1,2025-06-18,7
40,4MB4,1,2025-06-25,1
40,4MB4,1,2025-07-16,7
40,4MB4,1,2025-07-23,3
40,4MB4,1,2025-08-06,14
40,4MB4,1,2025-08-13,17
40,4MB4,1,2025-08-20,8
40,4MB4,1,2025-08-27,13
40,4MB4,1,2025-09-03,12
40,4MB4,1,2025-09-10,14
40,4MB4,1,2025-09-17,14
40,4MB4,1,2025-09-24,10
40,4MB4,1,2025-10-08,25
40,4MB4,1,2025-11-05,19
40,4MB4,1,2025-11-12,5
40,4MB4,1,2025-11-19,15
40,4MB4,1,2025-11-26,18
40,4MB4,1,2025-12-03,19
40,4MB4,1,2025-12-10,14
40,4MB4,1,2025-12-17,8
40,4MB4,1,2025-12-24,17
40,4MB4,1,2025-12-31,7
40,4MB4,2,2025-01-08,17
40,4MB4,2,2025-01-15,18
40,4MB4,2,2025-01-22,9
40,4MB4,2,2025-02-05,16
40,4MB4,2,2025-02-12,15
40,4MB4,2,2025-02-19,13
40,4MB4,2,2025-04-09,20
40,4MB4,2,2025-04-16,17
40,4MB4,2,2025-04-23,14
40,4MB4,2,2025-05-07,13
40,4MB4,2,2025-05-14,8
40,4MB4,2,2025-05-21,13
40,4MB4,2,2025-05-28,11
40,4MB4,2,2025-06-04,9
40,4MB4,2,2025-06-11,11
40,4MB4,2,2025-06-18,7
40,4MB4,2,2025-06-25,1
40,4MB4,2,2025-07-16,7
40,4MB4,2,2025-07-23,3
40,4MB4,2,2025-08-06,14
40,4MB4,2,2025-08-13,17
40,4MB4,2,2025-08-20,8
40,4MB4,2,2025-08-27,13
40,4MB4,2,2025-09-03,12
40,4MB4,2,2025-09-10,14
40,4MB4,2,2025-09-17,14
40,4MB4,2,2025-09-24,10
40,4MB4,2,2025-10-08,25
40,4MB4,2,2025-11-05,19
40,4MB4,2,2025-11-12,5
40,4MB4,2,2025-11-19,15
40,4MB4,2,2025-11-26,18
40,4MB4,2,2025-12-03,19
40,4MB4,2,2025-12-10,14
40,4MB4,2,2025-12-17,8
40,4MB4,2,2025-12-24,17
40,4MB4,2,2025-12-31,7
40,5BM4,1,2025-01-09,8
40,5BM4,1,2025-01-16,18
40,5BM4,1,2025-01-23,4
40,5BM4,1,2025-02-06,1
40,5BM4,1,2025-02-20,2
40,5BM4,1,2025-04-03,8
40,5BM4,1,2025-04-10,18
40,5BM4,1,2025-05-08,3
40,5BM4,1,2025-08-07,4
40,5BM4,1,2025-08-14,4
40,5BM4,1,2025-08-21,4
40,5BM4,1,2025-09-25,8
40,5BM4,1,2025-11-06,15
40,5BM4,1,2025-11-13,7
40,5BM4,1,2025-11-20,9
40,5BM4,1,2025-11-27,12
40,5BM4,1,2025-12-04,15
40,5BM4,1,2025-12-11,1
40,5BM4,1,2025-12-18,17
40,5BM4,1,2025-12-25,9
40,5BM4,2,2025-01-09,8
40,5BM4,2,2025-01-16,18
40,5BM4,2,2025-01-23,4
40,5BM4,2,2025-02-06,1
40,5BM4,2,2025-02-20,2
40,5BM4,2,2025-04-03,8
40,5BM4,2,2025-04-10,18
40,5BM4,2,2025-05-08,3
40,5BM4,2,2025-08-07,4
40,5BM4,2,2025-08-14,4
40,5BM4,2,2025-08-21,4
40,5BM4,2,2025-09-25,8
40,5BM4,2,2025-11-06,15
40,5BM4,2,2025-11-13,7
40,5BM4,2,2025-11-20,9
40,5BM4,2,2025-11-27,12
40,5BM4,2,2025-12-04,15
40,5BM4,2,2025-12-11,1
40,5BM4,2,2025-12-18,17
40,5BM4,2,2025-12-25,9
40,5MB4,1,2025-01-16,1
40,5MB4,1,2025-01-23,4
40,5MB4,1,2025-04-17,8
40,5MB4,1,2025-08-07,4522
40,5MB4,1,2025-11-06,2
40,5MB4,1,2025-11-13,8
40,5MB4,1,2025-11-20,2
40,5MB4,1,2025-12-04,11
40,5MB4,1,2025-12-11,4
40,5MB4,1,2025-12-18,3
40,5MB4,2,2025-01-16,1
40,5MB4,2,2025-01-23,4
40,5MB4,2,2025-04-17,8
40,5MB4,2,2025-08-07,4522
40,5MB4,2,2025-11-06,2
40,5MB4,2,2025-11-13,8
40,5MB4,2,2025-11-20,2
40,5MB4,2,2025-12-04,11
40,5MB4,2,2025-12-11,4
40,5MB4,2,2025-12-18,3
40,6BM4,1,2025-01-17,14
40,6BM4,1,2025-01-24,10
40,6BM4,1,2025-01-31,14
40,6BM4,1,2025-02-07,29
40,6BM4,1,2025-02-14,75
40,6BM4,1,2025-02-21,60
40,6BM4,1,2025-02-28,58
40,6BM4,1,2025-03-07,45
40,6BM4,1,2025-03-14,89
40,6BM4,1,2025-03-21,36
40,6BM4,1,2025-03-28,38
40,6BM4,1,2025-04-11,177
40,6BM4,1,2025-05-16,10
40,6BM4,1,2025-05-23,9
40,6BM4,1,2025-05-30,3
40,6BM4,1,2025-06-27,8
40,6BM4,1,2025-07-11,15
40,6BM4,1,2025-07-18,5
40,6BM4,1,2025-07-25,6
40,6BM4,1,2025-08-22,10
40,6BM4,1,2025-08-29,12
40,6BM4,1,2025-09-12,6
40,6BM4,1,2025-09-26,23
40,6BM4,1,2025-10-10,46
40,6BM4,1,2025-10-24,10
40,6BM4,1,2025-11-14,26
40,6BM4,1,2025-11-28,10
40,6BM4,1,2025-12-12,14
40,6BM4,1,2025-12-19,8
40,6BM4,1,2025-12-26,6
40,6BM4,2,2025-01-17,14
40,6BM4,2,2025-01-24,10
40,6BM4,2,2025-01-31,14
40,6BM4,2,2025-02-07,29
40,6BM4,2,2025-02-14,75
40,6BM4,2,2025-02-21,60
40,6BM4,2,2025-02-28,58
40,6BM4,2,2025-03-07,45
40,6BM4,2,2025-03-14,89
40,6BM4,2,2025-03-21,36
40,6BM4,2,2025-03-28,38
40,6BM4,2,2025-04-11,177
40,6BM4,2,2025-05-16,10
40,6BM4,2,2025-05-23,9
40,6BM4,2,2025-05-30,3
40,6BM4,2,2025-06-27,8
40,6BM4,2,2025-07-11,15
40,6BM4,2,2025-07-18,5
40,6BM4,2,2025-07-25,6
40,6BM4,2,2025-08-22,10
40,6BM4,2,2025-08-29,12
40,6BM4,2,2025-09-12,6
40,6BM4,2,2025-09-26,23
40,6BM4,2,2025-10-10,46
40,6BM4,2,2025-10-24,10
40,6BM4,2,2025-11-14,26
40,6BM4,2,2025-11-28,10
40,6BM4,2,2025-12-12,14
40,6BM4,2,2025-12-19,8
40,6BM4,2,2025-12-26,6
40,6BM4,3,2025-01-17,14
40,6BM4,3,2025-01-24,10
40,6BM4,3,2025-01-31,14
40,6BM4,3,2025-02-07,29
40,6BM4,3,2025-02-14,75
40,6BM4,3,2025-02-21,60
40,6BM4,3,2025-02-28,58
40,6BM4,3,2025-03-07,45
40,6BM4,3,2025-03-14,89
40,6BM4,3,2025-03-21,36
40,6BM4,3,2025-03-28,38
40,6BM4,3,2025-04-11,177
40,6BM4,3,2025-05-16,10
40,6BM4,3,2025-05-23,9
40,6BM4,3,2025-05-30,3
40,6BM4,3,2025-06-27,8
40,6BM4,3,2025-07-11,15
40,6BM4,3,2025-07-18,5
40,6BM4,3,2025-07-25,6
40,6BM4,3,2025-08-22,10
40,6BM4,3,2025-08-29,12
40,6BM4,3,2025-09-12,6
40,6BM4,3,2025-09-26,23
40,6BM4,3,2025-10-10,46
40,6BM4,3,2025-10-24,10
40,6BM4,3,2025-11-14,26
40,6BM4,3,2025-11-28,10
40,6BM4,3,2025-12-12,14
40,6BM4,3,2025-12-19,8
40,6BM4,3,2025-12-26,6
40,6MB4,1,2025-01-17,16
40,6MB4,1,2025-01-24,7
40,6MB4,1,2025-02-14,2
40,6MB4,1,2025-04-11,5
40,6MB4,1,2025-04-18,9
40,6MB4,1,2025-04-25,16
40,6MB4,1,2025-05-23,8
40,6MB4,1,2025-05-30,6
40,6MB4,1,2025-06-27,2
40,6MB4,1,2025-07-11,5
40,6MB4,1,2025-07-25,7
40,6MB4,1,2025-08-22,2
40,6MB4,1,2025-08-29,7
40,6MB4,1,2025-10-10,37
40,6MB4,1,2025-11-28,13
40,6MB4,1,2025-12-12,14
40,6MB4,1,2025-12-19,13
40,6MB4,1,2025-12-26,16
40,6MB4,2,2025-01-17,16
40,6MB4,2,2025-01-24,7
40,6MB4,2,2025-02-14,2
40,6MB4,2,2025-04-11,5
40,6MB4,2,2025-04-18,9
40,6MB4,2,2025-04-25,16
40,6MB4,2,2025-05-23,8
40,6MB4,2,2025-05-30,6
40,6MB4,2,2025-06-27,2
40,6MB4,2,2025-07-11,5
40,6MB4,2,2025-07-25,7
40,6MB4,2,2025-08-22,2
40,6MB4,2,2025-08-29,7
40,6MB4,2,2025-10-10,37
40,6MB4,2,2025-11-28,13
40,6MB4,2,2025-12-12,14
40,6MB4,2,2025-12-19,13
40,6MB4,2,2025-12-26,16
40,7BM4,1,2025-01-18,39
40,7BM4,1,2025-01-25,10
40,7BM4,1,2025-07-12,15
40,7BM4,1,2025-10-11,353
40,7BM4,1,2025-12-13,8
40,7BM4,1,2025-12-20,14
40,7BM4,1,2025-12-27,6
40,7BM4,2,2025-01-18,39
40,7BM4,2,2025-01-25,10
40,7BM4,2,2025-07-12,15
40,7BM4,2,2025-10-11,353
40,7BM4,2,2025-12-13,8
40,7BM4,2,2025-12-20,14
40,7BM4,2,2025-12-27,6
40,7BM4,3,2025-01-18,39
40,7BM4,3,2025-01-25,10
40,7BM4,3,2025-07-12,15
40,7BM4,3,2025-10-11,353
40,7BM4,3,2025-12-13,8
40,7BM4,3,2025-12-20,14
40,7BM4,3,2025-12-27,6
40,7MB4,1,2025-01-18,22
40,7MB4,1,2025-01-25,29
40,7MB4,1,2025-02-15,8
40,7MB4,1,2025-02-22,24
40,7MB4,1,2025-04-12,20
40,7MB4,1,2025-04-19,29
40,7MB4,1,2025-05-17,3
40,7MB4,1,2025-06-28,10
40,7MB4,1,2025-07-26,20
40,7MB4,1,2025-08-23,17
40,7MB4,1,2025-08-30,7
40,7MB4,1,2025-09-13,9
40,7MB4,1,2025-09-27,47
40,7MB4,1,2025-10-11,2
40,7MB4,1,2025-11-15,19
40,7MB4,1,2025-11-29,27
40,7MB4,1,2025-12-13,20
40,7MB4,1,2025-12-20,25
40,7MB4,1,2025-12-27,20
40,7MB4,2,2025-01-18,16
40,7MB4,2,2025-01-25,29
40,7MB4,2,2025-02-22,24
40,7MB4,2,2025-04-12,12
40,7MB4,2,2025-04-19,29
40,7MB4,2,2025-06-28,2
40,7MB4,2,2025-07-26,12
40,7MB4,2,2025-08-23,9
40,7MB4,2,2025-09-13,1
40,7MB4,2,2025-09-27,39
40,7MB4,2,2025-11-15,19
40,7MB4,2,2025-11-29,25
40,7MB4,2,2025-12-13,20
40,7MB4,2,2025-12-20,23
40,7MB4,2,2025-12-27,18
40,7MB4,3,2025-01-18,22
40,7MB4,3,2025-01-25,29
40,7MB4,3,2025-02-15,8
40,7MB4,3,2025-02-22,24
40,7MB4,3,2025-04-12,20
40,7MB4,3,2025-04-19,29
40,7MB4,3,2025-05-17,3
40,7MB4,3,2025-06-28,10
40,7MB4,3,2025-07-26,20
40,7MB4,3,2025-08-23,17
40,7MB4,3,2025-08-30,7
40,7MB4,3,2025-09-13,9
40,7MB4,3,2025-09-27,47
40,7MB4,3,2025-10-11,2
40,7MB4,3,2025-11-15,19
40,7MB4,3,2025-11-29,27
40,7MB4,3,2025-12-13,20
40,7MB4,3,2025-12-20,25
40,7MB4,3,2025-12-27,20
42,2BM4,1,2025-04-21,4
42,2BM4,1,2025-05-12,2
42,2BM4,2,2025-04-21,4
42,2BM4,2,2025-05-12,2
42,2MB4,1,2025-10-06,4
42,2MB4,2,2025-10-06,4
42,3BM4,1,2025-10-07,2
42,3BM4,1,2025-12-30,2
42,3BM4,2,2025-10-07,2
42,3BM4,2,2025-12-30,2
42,3BM4,3,2025-10-07,2
42,3BM4,3,2025-12-30,2
42,3MB4,1,2025-01-21,1
42,3MB4,1,2025-10-07,1
42,3MB4,1,2025-12-16,2
42,3MB4,2,2025-01-21,1
42,3MB4,2,2025-10-07,1
42,3MB4,2,2025-12-16,2
42,3MB5,1,2025-03-25,1
42,3MB5,2,2025-03-25,1
42,3MB5,3,2025-02-11,2
42,3MB5,3,2025-03-18,2
42,3MB5,3,2025-03-25,1
42,4BM4,1,2025-10-08,5
42,4BM4,1,2025-12-24,3
42,4BM4,2,2025-10-08,5
42,4BM4,2,2025-12-24,3
42,4MB4,1,2025-04-16,3
42,4MB4,1,2025-12-10,3
42,4MB4,1,2025-12-24,2
42,4MB4,2,2025-04-16,3
42,4MB4,2,2025-12-10,3
42,4MB4,2,2025-12-24,2
42,5BM4,1,2025-12-18,2
42,5BM4,2,2025-12-18,2
42,6BM4,1,2025-01-17,2
42,6BM4,1,2025-01-24,3
42,6BM4,1,2025-01-31,1
42,6BM4,1,2025-02-14,3
42,6BM4,1,2025-02-21,2
42,6BM4,1,2025-02-28,3
42,6BM4,1,2025-03-07,2
42,6BM4,1,2025-04-11,3
42,6BM4,1,2025-05-16,3
42,6BM4,1,2025-05-23,2
42,6BM4,1,2025-05-30,2
42,6BM4,1,2025-06-27,1
42,6BM4,1,2025-07-25,5
42,6BM4,1,2025-08-22,4
42,6BM4,1,2025-08-29,4
42,6BM4,1,2025-09-12,2
42,6BM4,1,2025-09-26,1
42,6BM4,1,2025-10-10,3
42,6BM4,1,2025-10-17,1
42,6BM4,1,2025-10-24,3
42,6BM4,1,2025-11-14,2
42,6BM4,1,2025-11-28,2
42,6BM4,1,2025-12-12,3
42,6BM4,1,2025-12-19,3
42,6BM4,1,2025-12-26,2
42,6BM4,2,2025-01-17,2
42,6BM4,2,2025-01-24,3
42,6BM4,2,2025-01-31,1
42,6BM4,2,2025-02-14,3
42,6BM4,2,2025-02-21,2
42,6BM4,2,2025-02-28,3
42,6BM4,2,2025-03-07,2
42,6BM4,2,2025-04-11,3
42,6BM4,2,2025-05-16,3
42,6BM4,2,2025-05-23,2
42,6BM4,2,2025-05-30,2
42,6BM4,2,2025-06-27,1
42,6BM4,2,2025-07-25,5
42,6BM4,2,2025-08-22,4
42,6BM4,2,2025-08-29,4
42,6BM4,2,2025-09-12,2
42,6BM4,2,2025-09-26,1
42,6BM4,2,2025-10-10,3
42,6BM4,2,2025-10-17,1
42,6BM4,2,2025-10-24,3
42,6BM4,2,2025-11-14,2
42,6BM4,2,2025-11-28,2
42,6BM4,2,2025-12-12,3
42,6BM4,2,2025-12-19,3
42,6BM4,2,2025-12-26,2
42,6BM4,3,2025-01-17,2
42,6BM4,3,2025-01-24,3
42,6BM4,3,2025-01-31,1
42,6BM4,3,2025-02-14,3
42,6BM4,3,2025-02-21,2
42,6BM4,3,2025-02-28,3
42,6BM4,3,2025-03-07,2
42,6BM4,3,2025-04-11,3
42,6BM4,3,2025-05-16,3
42,6BM4,3,2025-05-23,2
42,6BM4,3,2025-05-30,2
42,6BM4,3,2025-06-27,1
42,6BM4,3,2025-07-25,5
42,6BM4,3,2025-08-22,4
42,6BM4,3,2025-08-29,4
42,6BM4,3,2025-09-12,2
42,6BM4,3,2025-09-26,1
42,6BM4,3,2025-10-10,3
42,6BM4,3,2025-10-17,1
42,6BM4,3,2025-10-24,3
42,6BM4,3,2025-11-14,2
42,6BM4,3,2025-11-28,2
42,6BM4,3,2025-12-12,3
42,6BM4,3,2025-12-19,3
42,6BM4,3,2025-12-26,2
42,6MB4,1,2025-04-18,2
42,6MB4,1,2025-10-10,1
42,6MB4,2,2025-04-18,2
42,6MB4,2,2025-10-10,1
42,7BM4,1,2025-07-12,1
42,7BM4,1,2025-10-11,3
42,7BM4,1,2025-12-13,4
42,7BM4,1,2025-12-20,4
42,7BM4,2,2025-07-12,1
42,7BM4,2,2025-10-11,3
42,7BM4,2,2025-12-13,4
42,7BM4,2,2025-12-20,4
42,7BM4,3,2025-07-12,1
42,7BM4,3,2025-10-11,3
42,7BM4,3,2025-12-13,4
42,7BM4,3,2025-12-20,4
42,7MB4,1,2025-01-18,1
42,7MB4,1,2025-02-22,2
42,7MB4,1,2025-04-19,4
42,7MB4,1,2025-11-15,2
42,7MB4,1,2025-11-29,3
42,7MB4,1,2025-12-13,3
42,7MB4,1,2025-12-20,3
42,7MB4,1,2025-12-27,3
42,7MB4,2,2025-04-19,4
42,7MB4,2,2025-11-15,2
42,7MB4,2,2025-12-13,3
42,7MB4,3,2025-01-18,1
42,7MB4,3,2025-02-22,2
42,7MB4,3,2025-04-19,4
42,7MB4,3,2025-11-15,2
42,7MB4,3,2025-11-29,3
42,7MB4,3,2025-12-13,3
42,7MB4,3,2025-12-20,3
42,7MB4,3,2025-12-27,3
45,3BM4,1,2025-10-07,1
45,3BM4,2,2025-10-07,1
45,3BM4,3,2025-10-07,1
45,3BM4,3,2025-12-30,2
45,3MB5,1,2025-03-25,1
45,3MB5,2,2025-03-25,1
45,3MB5,3,2025-03-25,1
45,4BM4,1,2025-10-08,1
45,4BM4,1,2025-12-24,1
45,4BM4,2,2025-10-08,1
45,4BM4,2,2025-12-24,1
45,4MB4,1,2025-10-08,1
45,4MB4,2,2025-10-08,1
45,5BM4,1,2025-12-18,1
45,5BM4,2,2025-12-18,1
45,6BM4,1,2025-01-17,1
45,6BM4,1,2025-01-31,1
45,6BM4,1,2025-02-14,2
45,6BM4,1,2025-02-28,2
45,6BM4,1,2025-03-07,2
45,6BM4,1,2025-05-16,1
45,6BM4,1,2025-05-23,1
45,6BM4,1,2025-05-30,1
45,6BM4,1,2025-08-29,2
45,6BM4,1,2025-09-12,1
45,6BM4,1,2025-09-26,1
45,6BM4,1,2025-10-10,4
45,6BM4,1,2025-11-14,2
45,6BM4,1,2025-11-28,2
45,6BM4,1,2025-12-26,2
45,6BM4,2,2025-01-17,1
45,6BM4,2,2025-01-31,1
45,6BM4,2,2025-02-14,2
45,6BM4,2,2025-02-28,2
45,6BM4,2,2025-03-07,2
45,6BM4,2,2025-05-16,1
45,6BM4,2,2025-05-23,1
45,6BM4,2,2025-05-30,1
45,6BM4,2,2025-08-29,2
45,6BM4,2,2025-09-12,1
45,6BM4,2,2025-09-26,1
45,6BM4,2,2025-10-10,4
45,6BM4,2,2025-11-14,2
45,6BM4,2,2025-11-28,2
45,6BM4,2,2025-12-26,2
45,6BM4,3,2025-01-17,1
45,6BM4,3,2025-01-31,1
45,6BM4,3,2025-02-14,2
45,6BM4,3,2025-02-28,2
45,6BM4,3,2025-03-07,2
45,6BM4,3,2025-05-16,1
45,6BM4,3,2025-05-23,1
45,6BM4,3,2025-05-30,1
45,6BM4,3,2025-08-29,2
45,6BM4,3,2025-09-12,1
45,6BM4,3,2025-09-26,1
45,6BM4,3,2025-10-10,4
45,6BM4,3,2025-11-14,2
45,6BM4,3,2025-11-28,2
45,6BM4,3,2025-12-26,2
45,7BM4,1,2025-12-13,2
45,7BM4,1,2025-12-20,2
45,7BM4,2,2025-12-13,2
45,7BM4,2,2025-12-20,2
45,7BM4,3,2025-12-13,2
45,7BM4,3,2025-12-20,2
45,7MB4,1,2025-01-25,1
45,7MB4,1,2025-04-19,2
45,7MB4,1,2025-11-15,3
45,7MB4,2,2025-01-25,1
45,7MB4,2,2025-04-19,2
45,7MB4,2,2025-11-15,3
45,7MB4,3,2025-01-25,1
45,7MB4,3,2025-04-19,2
45,7MB4,3,2025-11-15,3
46,6BM4,1,2025-01-17,1
46,6BM4,1,2025-02-21,1
46,6BM4,1,2025-02-28,1
46,6BM4,2,2025-01-17,1
46,6BM4,2,2025-02-21,1
46,6BM4,2,2025-02-28,1
46,6BM4,3,2025-01-17,1
46,6BM4,3,2025-02-21,1
46,6BM4,3,2025-02-28,1
46,7MB4,1,2025-04-19,1
46,7MB4,2,2025-04-19,1
46,7MB4,3,2025-04-19,1
48,2BM4,1,2025-04-21,61
48,2BM4,1,2025-05-12,424
48,2BM4,2,2025-04-21,61
48,2BM4,2,2025-05-12,424
48,2MB4,1,2025-10-06,15
48,2MB4,2,2025-10-06,15
48,3BM4,1,2025-10-07,10
48,3BM4,2,2025-10-07,10
48,3BM4,3,2025-10-07,10
48,3BM4,3,2025-12-30,2
48,3MB4,1,2025-10-07,17
48,3MB4,1,2025-12-09,4
48,3MB4,2,2025-10-07,17
48,3MB4,2,2025-12-09,4
48,3MB5,1,2025-03-25,5
48,3MB5,2,2025-03-25,5
48,3MB5,3,2025-02-11,2
48,3MB5,3,2025-03-25,16
48,4BM4,1,2025-10-08,12
48,4BM4,2,2025-10-08,12
48,4MB4,1,2025-10-08,33
48,4MB4,1,2025-12-24,4
48,4MB4,2,2025-10-08,33
48,4MB4,2,2025-12-24,4
48,6BM4,1,2025-01-17,18
48,6BM4,1,2025-01-24,12
48,6BM4,1,2025-01-31,26
48,6BM4,1,2025-02-14,46
48,6BM4,1,2025-02-21,23
48,6BM4,1,2025-02-28,50
48,6BM4,1,2025-03-07,27
48,6BM4,1,2025-04-11,106
48,6BM4,1,2025-05-16,3
48,6BM4,1,2025-05-23,4
48,6BM4,1,2025-05-30,10
48,6BM4,1,2025-08-22,11
48,6BM4,1,2025-08-29,7
48,6BM4,1,2025-09-12,12
48,6BM4,1,2025-09-26,54
48,6BM4,1,2025-10-10,46
48,6BM4,1,2025-10-24,1
48,6BM4,1,2025-11-14,2
48,6BM4,1,2025-11-28,7
48,6BM4,1,2025-12-12,16
48,6BM4,1,2025-12-19,17
48,6BM4,1,2025-12-26,17
48,6BM4,2,2025-01-17,18
48,6BM4,2,2025-01-24,12
48,6BM4,2,2025-01-31,26
48,6BM4,2,2025-02-14,46
48,6BM4,2,2025-02-21,23
48,6BM4,2,2025-02-28,50
48,6BM4,2,2025-03-07,27
48,6BM4,2,2025-04-11,106
48,6BM4,2,2025-05-16,3
48,6BM4,2,2025-05-23,4
48,6BM4,2,2025-05-30,10
48,6BM4,2,2025-08-22,11
48,6BM4,2,2025-08-29,7
48,6BM4,2,2025-09-12,12
48,6BM4,2,2025-09-26,54
48,6BM4,2,2025-10-10,46
48,6BM4,2,2025-10-24,1
48,6BM4,2,2025-11-14,2
48,6BM4,2,2025-11-28,7
48,6BM4,2,2025-12-12,16
48,6BM4,2,2025-12-19,17
48,6BM4,2,2025-12-26,17
48,6BM4,3,2025-01-17,18
48,6BM4,3,2025-01-24,12
48,6BM4,3,2025-01-31,26
48,6BM4,3,2025-02-14,46
48,6BM4,3,2025-02-21,23
48,6BM4,3,2025-02-28,50
48,6BM4,3,2025-03-07,27
48,6BM4,3,2025-04-11,106
48,6BM4,3,2025-05-16,3
48,6BM4,3,2025-05-23,4
48,6BM4,3,2025-05-30,10
48,6BM4,3,2025-08-22,11
48,6BM4,3,2025-08-29,7
48,6BM4,3,2025-09-12,12
48,6BM4,3,2025-09-26,54
48,6BM4,3,2025-10-10,46
48,6BM4,3,2025-10-24,1
48,6BM4,3,2025-11-14,2
48,6BM4,3,2025-11-28,7
48,6BM4,3,2025-12-12,16
48,6BM4,3,2025-12-19,17
48,6BM4,3,2025-12-26,17
48,6MB4,1,2025-04-18,3527
48,6MB4,1,2025-10-10,11
48,6MB4,1,2025-12-19,3
48,6MB4,1,2025-12-26,2
48,6MB4,2,2025-04-18,3527
48,6MB4,2,2025-10-10,11
48,6MB4,2,2025-12-19,3
48,6MB4,2,2025-12-26,2
48,7BM4,1,2025-07-12,344
48,7BM4,1,2025-10-11,140
48,7BM4,1,2025-12-13,8
48,7BM4,1,2025-12-20,1
48,7BM4,2,2025-07-12,344
48,7BM4,2,2025-10-11,140
48,7BM4,2,2025-12-13,8
48,7BM4,2,2025-12-20,1
48,7BM4,3,2025-07-12,344
48,7BM4,3,2025-10-11,140
48,7BM4,3,2025-12-13,8
48,7BM4,3,2025-12-20,1
48,7MB4,1,2025-01-25,16
48,7MB4,1,2025-02-22,2
48,7MB4,1,2025-04-19,7
48,7MB4,1,2025-11-15,6
48,7MB4,1,2025-12-13,8
48,7MB4,2,2025-01-25,12
48,7MB4,2,2025-04-19,3
48,7MB4,2,2025-11-15,2
48,7MB4,2,2025-12-13,4
48,7MB4,3,2025-01-25,16
48,7MB4,3,2025-02-22,2
48,7MB4,3,2025-04-19,7
48,7MB4,3,2025-11-15,6
48,7MB4,3,2025-12-13,8
60,2BM4,1,2025-07-07,2
60,2BM4,1,2025-07-21,1
60,2BM4,1,2025-08-04,1
60,2BM4,1,2025-08-11,1
60,2BM4,1,2025-09-15,2
60,2BM4,1,2025-09-22,1
60,2BM4,1,2025-11-24,1
60,2BM4,2,2025-07-07,2
60,2BM4,2,2025-07-21,1
60,2BM4,2,2025-08-04,1
60,2BM4,2,2025-08-11,1
60,2BM4,2,2025-09-15,2
60,2BM4,2,2025-09-22,1
60,2BM4,2,2025-11-24,1
60,2MB4,1,2025-04-21,4
60,2MB4,1,2025-04-28,1
60,2MB4,1,2025-06-09,1
60,2MB4,1,2025-07-14,1
60,2MB4,1,2025-07-21,1
60,2MB4,1,2025-08-04,1
60,2MB4,1,2025-08-11,1
60,2MB4,1,2025-09-08,2
60,2MB4,1,2025-12-15,1
60,2MB4,2,2025-04-21,4
60,2MB4,2,2025-04-28,1
60,2MB4,2,2025-06-09,1
60,2MB4,2,2025-07-14,1
60,2MB4,2,2025-07-21,1
60,2MB4,2,2025-08-04,1
60,2MB4,2,2025-08-11,1
60,2MB4,2,2025-09-08,2
60,2MB4,2,2025-12-15,1
60,3BM4,1,2025-10-07,1
60,3BM4,2,2025-10-07,1
60,3BM4,3,2025-06-17,1
60,3BM4,3,2025-07-15,1
60,3BM4,3,2025-08-05,1
60,3BM4,3,2025-08-19,2
60,3BM4,3,2025-09-09,1
60,3BM4,3,2025-09-23,1
60,3BM4,3,2025-10-07,5
60,3BM4,3,2025-11-11,1
60,3MB4,1,2025-01-21,1
60,3MB4,1,2025-06-03,1
60,3MB4,1,2025-06-10,1
60,3MB4,1,2025-06-24,1
60,3MB4,1,2025-07-01,1
60,3MB4,1,2025-07-15,2
60,3MB4,1,2025-08-05,2
60,3MB4,1,2025-08-12,3
60,3MB4,1,2025-09-02,1
60,3MB4,1,2025-09-09,1
60,3MB4,1,2025-09-23,1
60,3MB4,1,2025-10-07,3
60,3MB4,2,2025-01-21,1
60,3MB4,2,2025-06-03,1
60,3MB4,2,2025-06-10,1
60,3MB4,2,2025-06-24,1
60,3MB4,2,2025-07-01,1
60,3MB4,2,2025-07-15,2
60,3MB4,2,2025-08-05,2
60,3MB4,2,2025-08-12,3
60,3MB4,2,2025-09-02,1
60,3MB4,2,2025-09-09,1
60,3MB4,2,2025-09-23,1
60,3MB4,2,2025-10-07,3
60,3MB5,3,2025-02-11,1
60,3MB5,3,2025-02-25,3
60,3MB5,3,2025-03-18,1
60,3MB5,3,2025-03-25,2
60,4BM4,1,2025-09-17,2
60,4BM4,1,2025-10-01,4
60,4BM4,1,2025-10-08,2
60,4BM4,2,2025-09-17,2
60,4BM4,2,2025-10-01,4
60,4BM4,2,2025-10-08,2
60,4MB4,1,2025-05-14,2
60,4MB4,1,2025-05-21,1
60,4MB4,1,2025-06-18,2
60,4MB4,1,2025-07-16,1
60,4MB4,1,2025-07-23,1
60,4MB4,1,2025-08-06,3
60,4MB4,1,2025-08-27,2
60,4MB4,1,2025-09-03,2
60,4MB4,1,2025-09-10,1
60,4MB4,1,2025-09-17,3
60,4MB4,1,2025-09-24,50
60,4MB4,1,2025-10-08,2
60,4MB4,1,2025-11-19,1
60,4MB4,1,2025-12-03,1
60,4MB4,1,2025-12-17,2
60,4MB4,2,2025-05-14,2
60,4MB4,2,2025-05-21,1
60,4MB4,2,2025-06-18,2
60,4MB4,2,2025-07-16,1
60,4MB4,2,2025-07-23,1
60,4MB4,2,2025-08-06,3
60,4MB4,2,2025-08-27,2
60,4MB4,2,2025-09-03,2
60,4MB4,2,2025-09-10,1
60,4MB4,2,2025-09-17,3
60,4MB4,2,2025-09-24,50
60,4MB4,2,2025-10-08,2
60,4MB4,2,2025-11-19,1
60,4MB4,2,2025-12-03,1
60,4MB4,2,2025-12-17,2
60,5BM4,1,2025-07-17,1
60,5BM4,1,2025-08-07,2
60,5BM4,1,2025-09-11,5
60,5BM4,1,2025-09-18,1
60,5BM4,1,2025-09-25,1
60,5BM4,1,2025-10-02,1
60,5BM4,1,2025-11-06,2
60,5BM4,1,2025-12-04,1
60,5BM4,2,2025-07-17,1
60,5BM4,2,2025-08-07,2
60,5BM4,2,2025-09-11,5
60,5BM4,2,2025-09-18,1
60,5BM4,2,2025-09-25,1
60,5BM4,2,2025-10-02,1
60,5BM4,2,2025-11-06,2
60,5BM4,2,2025-12-04,1
60,5MB4,1,2025-01-09,4
60,5MB4,1,2025-01-16,2
60,5MB4,1,2025-01-23,3
60,5MB4,1,2025-02-06,3
60,5MB4,1,2025-03-13,2
60,5MB4,1,2025-03-20,1
60,5MB4,1,2025-04-17,2
60,5MB4,1,2025-05-15,2
60,5MB4,1,2025-05-22,2
60,5MB4,1,2025-05-29,2
60,5MB4,1,2025-06-05,6
60,5MB4,1,2025-06-19,2
60,5MB4,1,2025-06-26,1
60,5MB4,1,2025-07-03,3
60,5MB4,1,2025-07-10,2
60,5MB4,1,2025-07-17,2
60,5MB4,1,2025-07-24,4
60,5MB4,1,2025-07-31,1
60,5MB4,1,2025-08-07,3
60,5MB4,1,2025-08-21,4
60,5MB4,1,2025-08-28,2
60,5MB4,1,2025-09-04,1
60,5MB4,1,2025-09-11,5
60,5MB4,1,2025-09-25,4
60,5MB4,1,2025-10-09,7
60,5MB4,1,2025-10-16,2
60,5MB4,1,2025-10-30,3
60,5MB4,1,2025-11-06,6
60,5MB4,1,2025-11-13,4
60,5MB4,1,2025-11-20,3
60,5MB4,1,2025-11-27,2
60,5MB4,1,2025-12-11,3
60,5MB4,1,2025-12-25,6
60,5MB4,2,2025-01-09,4
60,5MB4,2,2025-01-16,2
60,5MB4,2,2025-01-23,3
60,5MB4,2,2025-02-06,3
60,5MB4,2,2025-03-13,2
60,5MB4,2,2025-03-20,1
60,5MB4,2,2025-04-17,2
60,5MB4,2,2025-05-15,2
60,5MB4,2,2025-05-22,2
60,5MB4,2,2025-05-29,2
60,5MB4,2,2025-06-05,6
60,5MB4,2,2025-06-19,2
60,5MB4,2,2025-06-26,1
60,5MB4,2,2025-07-03,3
60,5MB4,2,2025-07-10,2
60,5MB4,2,2025-07-17,2
60,5MB4,2,2025-07-24,4
60,5MB4,2,2025-07-31,1
60,5MB4,2,2025-08-07,3
60,5MB4,2,2025-08-21,4
60,5MB4,2,2025-08-28,2
60,5MB4,2,2025-09-04,1
60,5MB4,2,2025-09-11,5
60,5MB4,2,2025-09-25,4
60,5MB4,2,2025-10-09,7
60,5MB4,2,2025-10-16,2
60,5MB4,2,2025-10-30,3
60,5MB4,2,2025-11-06,6
60,5MB4,2,2025-11-13,4
60,5MB4,2,2025-11-20,3
60,5MB4,2,2025-11-27,2
60,5MB4,2,2025-12-11,3
60,5MB4,2,2025-12-25,6
60,6MB4,1,2025-06-27,2
60,6MB4,1,2025-07-18,2
60,6MB4,1,2025-07-25,1
60,6MB4,1,2025-08-22,2
60,6MB4,1,2025-09-12,4
60,6MB4,1,2025-10-10,2
60,6MB4,2,2025-06-27,2
60,6MB4,2,2025-07-18,2
60,6MB4,2,2025-07-25,1
60,6MB4,2,2025-08-22,2
60,6MB4,2,2025-09-12,4
60,6MB4,2,2025-10-10,2
60,7BM4,1,2025-02-08,2
60,7BM4,1,2025-02-22,3
60,7BM4,1,2025-03-22,1
60,7BM4,1,2025-04-19,1
60,7BM4,1,2025-04-26,1
60,7BM4,1,2025-05-17,1
60,7BM4,1,2025-05-24,1
60,7BM4,1,2025-06-14,1
60,7BM4,1,2025-06-21,2
60,7BM4,1,2025-06-28,1
60,7BM4,1,2025-07-12,2
60,7BM4,1,2025-07-19,2
60,7BM4,1,2025-07-26,1
60,7BM4,1,2025-08-16,2
60,7BM4,1,2025-08-30,4
60,7BM4,1,2025-09-13,3
60,7BM4,1,2025-09-27,1
60,7BM4,1,2025-10-11,1
60,7BM4,1,2025-11-15,3
60,7BM4,1,2025-11-22,2
60,7BM4,1,2025-12-20,2
60,7BM4,1,2025-12-27,4
60,7BM4,2,2025-02-08,2
60,7BM4,2,2025-02-22,3
60,7BM4,2,2025-03-22,1
60,7BM4,2,2025-04-19,1
60,7BM4,2,2025-04-26,1
60,7BM4,2,2025-05-17,1
60,7BM4,2,2025-05-24,1
60,7BM4,2,2025-06-14,1
60,7BM4,2,2025-06-21,2
60,7BM4,2,2025-06-28,1
60,7BM4,2,2025-07-12,2
60,7BM4,2,2025-07-19,2
60,7BM4,2,2025-07-26,1
60,7BM4,2,2025-08-16,2
60,7BM4,2,2025-08-30,4
60,7BM4,2,2025-09-13,3
60,7BM4,2,2025-09-27,1
60,7BM4,2,2025-10-11,1
60,7BM4,2,2025-11-15,3
60,7BM4,2,2025-11-22,2
60,7BM4,2,2025-12-20,2
60,7BM4,2,2025-12-27,4
60,7BM4,3,2025-02-08,2
60,7BM4,3,2025-02-22,3
60,7BM4,3,2025-03-22,1
60,7BM4,3,2025-04-19,1
60,7BM4,3,2025-04-26,1
60,7BM4,3,2025-05-17,1
60,7BM4,3,2025-05-24,1
60,7BM4,3,2025-06-14,1
60,7BM4,3,2025-06-21,2
60,7BM4,3,2025-06-28,1
60,7BM4,3,2025-07-12,2
60,7BM4,3,2025-07-19,2
60,7BM4,3,2025-07-26,1
60,7BM4,3,2025-08-16,2
60,7BM4,3,2025-08-30,4
60,7BM4,3,2025-09-13,3
60,7BM4,3,2025-09-27,1
60,7BM4,3,2025-10-11,1
60,7BM4,3,2025-11-15,3
60,7BM4,3,2025-11-22,2
60,7BM4,3,2025-12-20,2
60,7BM4,3,2025-12-27,4
60,7MB4,1,2025-10-11,1
60,7MB4,3,2025-10-11,1
