Train_Number,Leg_OD,Leg_ID,Date,Total_Capacity,Total_Utilised,Occupancy,Total_Packs,Packs_Used,Unassigned_Containers,Unassigned_Length
2BM4,BFT-SFT,1,2025-01-06,273.1008,103.632,0.37946428571428575,4,4,17,103.632
2BM4,BFT-SFT,1,2025-01-13,346.2528,292.608,0.8450704225352114,5,5,42,292.608
2BM4,BFT-SFT,1,2025-01-20,346.2528,256.032,0.7394366197183099,5,5,33,256.03200000000004
2BM4,BFT-SFT,1,2025-01-27,346.2528,292.608,0.8450704225352114,5,5,33,292.608
2BM4,BFT-SFT,1,2025-02-03,273.1008,109.728,0.4017857142857143,4,4,18,109.72800000000001
2BM4,BFT-SFT,1,2025-02-10,204.8256,60.96,0.2976190476190476,3,3,10,60.96
2BM4,BFT-SFT,1,2025-02-17,273.1008,231.648,0.8482142857142857,4,4,38,231.64800000000002
2BM4,BFT-SFT,1,2025-02-24,136.5504,36.576,0.26785714285714285,2,2,6,36.576
2BM4,BFT-SFT,1,2025-03-03,0.0,0.0,0.0,0,0,0,0.0
2BM4,BFT-SFT,1,2025-03-10,0.0,0.0,0.0,0,0,0,0.0
2BM4,BFT-SFT,1,2025-03-17,0.0,0.0,0.0,0,0,0,0.0
2BM4,BFT-SFT,1,2025-03-24,0.0,0.0,0.0,0,0,0,0.0
2BM4,BFT-SFT,1,2025-03-31,0.0,0.0,0.0,0,0,0,0.0
2BM4,BFT-SFT,1,2025-04-07,273.1008,243.84,0.8928571428571429,4,4,30,243.84
2BM4,BFT-SFT,1,2025-04-14,0.0,0.0,0.0,0,0,0,0.0
2BM4,BFT-SFT,1,2025-04-21,1102.1568000000002,1083.8688000000002,0.9834070796460177,18,18,107,1364.2848000000001
2BM4,BFT-SFT,1,2025-04-28,0.0,0.0,0.0,0,0,0,0.0
2BM4,BFT-SFT,1,2025-05-05,0.0,0.0,0.0,0,0,0,0.0
2BM4,BFT-SFT,1,2025-05-12,1102.1568000000002,1087.5264000000002,0.9867256637168141,18,18,456,6521.500800000001
2BM4,BFT-SFT,1,2025-05-19,273.1008,128.01600000000002,0.4687500000000001,4,4,21,128.01600000000002
2BM4,BFT-SFT,1,2025-05-26,273.1008,109.728,0.4017857142857143,4,4,17,109.72800000000001
2BM4,BFT-SFT,1,2025-06-02,0.0,0.0,0.0,0,0,0,0.0
2BM4,BFT-SFT,1,2025-06-09,68.2752,18.288,0.26785714285714285,1,1,3,18.288
2BM4,BFT-SFT,1,2025-06-16,68.2752,6.096,0.08928571428571429,1,1,1,6.096
2BM4,BFT-SFT,1,2025-06-23,273.1008,115.82400000000001,0.4241071428571429,4,4,19,115.82400000000001
2BM4,BFT-SFT,1,2025-06-30,0.0,0.0,0.0,0,0,0,0.0
2BM4,BFT-SFT,1,2025-07-07,117.0432,54.864000000000004,0.46875000000000006,3,3,5,54.864000000000004
2BM4,BFT-SFT,1,2025-07-14,68.2752,18.288,0.26785714285714285,1,1,3,18.288
2BM4,BFT-SFT,1,2025-07-21,24.384,18.288,0.75,1,1,1,18.288
2BM4,BFT-SFT,1,2025-07-28,68.2752,18.288,0.26785714285714285,1,1,3,18.288
2BM4,BFT-SFT,1,2025-08-04,297.48479999999995,121.92,0.40983606557377056,5,5,18,121.92
2BM4,BFT-SFT,1,2025-08-11,297.48479999999995,128.01600000000002,0.43032786885245916,5,5,19,128.01600000000002
2BM4,BFT-SFT,1,2025-08-18,1102.1568000000002,950.9760000000002,0.8628318584070797,18,18,380,2346.96
2BM4,BFT-SFT,1,2025-08-25,273.1008,121.92,0.44642857142857145,4,4,19,121.92
2BM4,BFT-SFT,1,2025-09-01,0.0,0.0,0.0,0,0,0,0.0
2BM4,BFT-SFT,1,2025-09-08,0.0,0.0,0.0,0,0,0,0.0
2BM4,BFT-SFT,1,2025-09-15,321.86879999999996,225.55200000000002,0.7007575757575759,6,6,31,225.55200000000002
2BM4,BFT-SFT,1,2025-09-22,1102.1568000000002,950.9760000000002,0.8628318584070797,18,18,944,5766.816000000001
2BM4,BFT-SFT,1,2025-09-29,0.0,0.0,0.0,0,0,0,0.0
2BM4,BFT-SFT,1,2025-10-06,0.0,0.0,0.0,0,0,0,0.0
2BM4,BFT-SFT,1,2025-10-13,0.0,0.0,0.0,0,0,0,0.0
2BM4,BFT-SFT,1,2025-10-20,0.0,0.0,0.0,0,0,0,0.0
2BM4,BFT-SFT,1,2025-10-27,0.0,0.0,0.0,0,0,0,0.0
2BM4,BFT-SFT,1,2025-11-03,273.1008,225.552,0.8258928571428571,4,4,32,225.55200000000002
2BM4,BFT-SFT,1,2025-11-10,273.1008,170.688,0.625,4,4,22,170.68800000000002
2BM4,BFT-SFT,1,2025-11-17,273.1008,103.632,0.37946428571428575,4,4,16,103.632
2BM4,BFT-SFT,1,2025-11-24,24.384,24.384,1.0,1,1,2,24.384
2BM4,BFT-SFT,1,2025-12-08,346.2528,268.224,0.7746478873239436,5,5,33,268.224
2BM4,BFT-SFT,1,2025-12-15,346.2528,268.224,0.7746478873239436,5,5,39,268.224
2BM4,BFT-SFT,1,2025-12-22,346.2528,292.608,0.8450704225352114,5,5,43,292.608
2BM4,SFT-MFT,2,2025-01-06,273.1008,103.632,0.37946428571428575,4,4,17,103.632
2BM4,SFT-MFT,2,2025-01-13,346.2528,292.608,0.8450704225352114,5,5,42,292.608
2BM4,SFT-MFT,2,2025-01-20,346.2528,256.032,0.7394366197183099,5,5,33,256.03200000000004
2BM4,SFT-MFT,2,2025-01-27,346.2528,292.608,0.8450704225352114,5,5,33,292.608
2BM4,SFT-MFT,2,2025-02-03,273.1008,109.728,0.4017857142857143,4,4,18,109.72800000000001
2BM4,SFT-MFT,2,2025-02-10,204.8256,60.96,0.2976190476190476,3,3,10,60.96
2BM4,SFT-MFT,2,2025-02-17,273.1008,231.648,0.8482142857142857,4,4,38,231.64800000000002
2BM4,SFT-MFT,2,2025-02-24,136.5504,36.576,0.26785714285714285,2,2,6,36.576
2BM4,SFT-MFT,2,2025-03-03,0.0,0.0,0.0,0,0,0,0.0
2BM4,SFT-MFT,2,2025-03-10,0.0,0.0,0.0,0,0,0,0.0
2BM4,SFT-MFT,2,2025-03-17,0.0,0.0,0.0,0,0,0,0.0
2BM4,SFT-MFT,2,2025-03-24,0.0,0.0,0.0,0,0,0,0.0
2BM4,SFT-MFT,2,2025-03-31,0.0,0.0,0.0,0,0,0,0.0
2BM4,SFT-MFT,2,2025-04-07,273.1008,243.84,0.8928571428571429,4,4,30,243.84
2BM4,SFT-MFT,2,2025-04-14,0.0,0.0,0.0,0,0,0,0.0
2BM4,SFT-MFT,2,2025-04-21,1102.1568000000002,1083.8688000000002,0.9834070796460177,18,18,107,1364.2848000000001
2BM4,SFT-MFT,2,2025-04-28,0.0,0.0,0.0,0,0,0,0.0
2BM4,SFT-MFT,2,2025-05-05,0.0,0.0,0.0,0,0,0,0.0
2BM4,SFT-MFT,2,2025-05-12,1102.1568000000002,1087.5264000000002,0.9867256637168141,18,18,456,6521.500800000001
2BM4,SFT-MFT,2,2025-05-19,273.1008,128.01600000000002,0.4687500000000001,4,4,21,128.01600000000002
2BM4,SFT-MFT,2,2025-05-26,273.1008,109.728,0.4017857142857143,4,4,17,109.72800000000001
2BM4,SFT-MFT,2,2025-06-02,0.0,0.0,0.0,0,0,0,0.0
2BM4,SFT-MFT,2,2025-06-09,68.2752,18.288,0.26785714285714285,1,1,3,18.288
2BM4,SFT-MFT,2,2025-06-16,68.2752,6.096,0.08928571428571429,1,1,1,6.096
2BM4,SFT-MFT,2,2025-06-23,273.1008,115.82400000000001,0.4241071428571429,4,4,19,115.82400000000001
2BM4,SFT-MFT,2,2025-06-30,0.0,0.0,0.0,0,0,0,0.0
2BM4,SFT-MFT,2,2025-07-07,117.0432,54.864000000000004,0.46875000000000006,3,3,5,54.864000000000004
2BM4,SFT-MFT,2,2025-07-14,68.2752,18.288,0.26785714285714285,1,1,3,18.288
2BM4,SFT-MFT,2,2025-07-21,24.384,18.288,0.75,1,1,1,18.288
2BM4,SFT-MFT,2,2025-07-28,68.2752,18.288,0.26785714285714285,1,1,3,18.288
2BM4,SFT-MFT,2,2025-08-04,297.48479999999995,121.92,0.40983606557377056,5,5,18,121.92
2BM4,SFT-MFT,2,2025-08-11,297.48479999999995,128.01600000000002,0.43032786885245916,5,5,19,128.01600000000002
2BM4,SFT-MFT,2,2025-08-18,1102.1568000000002,950.9760000000002,0.8628318584070797,18,18,380,2346.96
2BM4,SFT-MFT,2,2025-08-25,273.1008,121.92,0.44642857142857145,4,4,19,121.92
2BM4,SFT-MFT,2,2025-09-01,0.0,0.0,0.0,0,0,0,0.0
2BM4,SFT-MFT,2,2025-09-08,0.0,0.0,0.0,0,0,0,0.0
2BM4,SFT-MFT,2,2025-09-15,321.86879999999996,225.55200000000002,0.7007575757575759,6,6,31,225.55200000000002
2BM4,SFT-MFT,2,2025-09-22,1102.1568000000002,950.9760000000002,0.8628318584070797,18,18,944,5766.816000000001
2BM4,SFT-MFT,2,2025-09-29,0.0,0.0,0.0,0,0,0,0.0
2BM4,SFT-MFT,2,2025-10-06,0.0,0.0,0.0,0,0,0,0.0
2BM4,SFT-MFT,2,2025-10-13,0.0,0.0,0.0,0,0,0,0.0
2BM4,SFT-MFT,2,2025-10-20,0.0,0.0,0.0,0,0,0,0.0
2BM4,SFT-MFT,2,2025-10-27,0.0,0.0,0.0,0,0,0,0.0
2BM4,SFT-MFT,2,2025-11-03,273.1008,225.552,0.8258928571428571,4,4,32,225.55200000000002
2BM4,SFT-MFT,2,2025-11-10,273.1008,170.688,0.625,4,4,22,170.68800000000002
2BM4,SFT-MFT,2,2025-11-17,273.1008,103.632,0.37946428571428575,4,4,16,103.632
2BM4,SFT-MFT,2,2025-11-24,24.384,24.384,1.0,1,1,2,24.384
2BM4,SFT-MFT,2,2025-12-08,346.2528,268.224,0.7746478873239436,5,5,33,268.224
2BM4,SFT-MFT,2,2025-12-15,346.2528,268.224,0.7746478873239436,5,5,39,268.224
2BM4,SFT-MFT,2,2025-12-22,346.2528,292.608,0.8450704225352114,5,5,43,292.608
2MB4,MFT-SFT,1,2025-01-06,0.0,0.0,0.0,0,0,0,0.0
2MB4,MFT-SFT,1,2025-01-13,492.55679999999995,402.336,0.8168316831683169,7,7,59,402.336
2MB4,MFT-SFT,1,2025-01-20,565.7088,451.104,0.7974137931034483,8,8,70,451.10400000000004
2MB4,MFT-SFT,1,2025-01-27,346.2528,304.8,0.8802816901408451,5,5,43,304.8
2MB4,MFT-SFT,1,2025-02-03,273.1008,140.208,0.5133928571428572,4,4,23,140.208
2MB4,MFT-SFT,1,2025-02-10,273.1008,91.44,0.33482142857142855,4,4,15,91.44
2MB4,MFT-SFT,1,2025-02-17,136.5504,48.768,0.35714285714285715,2,2,8,48.768
2MB4,MFT-SFT,1,2025-02-24,273.1008,115.82400000000001,0.4241071428571429,4,4,19,115.82400000000001
2MB4,MFT-SFT,1,2025-03-03,0.0,0.0,0.0,0,0,0,0.0
2MB4,MFT-SFT,1,2025-03-10,0.0,0.0,0.0,0,0,0,0.0
2MB4,MFT-SFT,1,2025-03-17,0.0,0.0,0.0,0,0,0,0.0
2MB4,MFT-SFT,1,2025-03-24,0.0,0.0,0.0,0,0,0,0.0
2MB4,MFT-SFT,1,2025-03-31,0.0,0.0,0.0,0,0,0,0.0
2MB4,MFT-SFT,1,2025-04-07,273.1008,213.35999999999999,0.78125,4,4,32,213.36
2MB4,MFT-SFT,1,2025-04-14,273.1008,176.784,0.6473214285714286,4,4,22,176.78400000000002
2MB4,MFT-SFT,1,2025-04-21,443.7887999999999,384.048,0.8653846153846155,9,9,45,384.048
2MB4,MFT-SFT,1,2025-04-28,24.384,18.288,0.75,1,1,1,18.288
2MB4,MFT-SFT,1,2025-05-05,273.1008,170.688,0.625,4,4,28,170.68800000000002
2MB4,MFT-SFT,1,2025-05-12,273.1008,176.784,0.6473214285714286,4,4,26,176.78400000000002
2MB4,MFT-SFT,1,2025-05-19,346.2528,249.936,0.721830985915493,5,5,33,249.936
2MB4,MFT-SFT,1,2025-05-26,273.1008,134.112,0.49107142857142855,4,4,21,134.112
2MB4,MFT-SFT,1,2025-06-02,0.0,0.0,0.0,0,0,0,0.0
2MB4,MFT-SFT,1,2025-06-09,24.384,18.288,0.75,1,1,1,18.288
2MB4,MFT-SFT,1,2025-06-16,204.8256,67.056,0.32738095238095233,3,3,11,67.056
2MB4,MFT-SFT,1,2025-06-23,273.1008,103.632,0.37946428571428575,4,4,17,103.632
2MB4,MFT-SFT,1,2025-06-30,0.0,0.0,0.0,0,0,0,0.0
2MB4,MFT-SFT,1,2025-07-07,68.2752,18.288,0.26785714285714285,1,1,3,18.288
2MB4,MFT-SFT,1,2025-07-14,297.48479999999995,115.824,0.389344262295082,5,5,17,115.82400000000001
2MB4,MFT-SFT,1,2025-07-21,297.48479999999995,140.20800000000003,0.47131147540983626,5,5,21,140.208
2MB4,MFT-SFT,1,2025-07-28,273.1008,121.92,0.44642857142857145,4,4,20,121.92
2MB4,MFT-SFT,1,2025-08-04,297.48479999999995,268.224,0.9016393442622952,5,5,39,268.224
2MB4,MFT-SFT,1,2025-08-11,297.48479999999995,109.72800000000001,0.3688524590163935,5,5,16,109.72800000000001
2MB4,MFT-SFT,1,2025-08-18,273.1008,158.49600000000004,0.580357142857143,4,4,21,158.496
2MB4,MFT-SFT,1,2025-08-25,273.1008,219.456,0.8035714285714286,4,4,36,219.45600000000002
2MB4,MFT-SFT,1,2025-09-01,0.0,0.0,0.0,0,0,0,0.0
2MB4,MFT-SFT,1,2025-09-08,321.86879999999996,182.88000000000005,0.5681818181818185,6,6,26,182.88
2MB4,MFT-SFT,1,2025-09-15,346.2528,280.416,0.8098591549295775,5,5,40,280.416
2MB4,MFT-SFT,1,2025-09-22,273.1008,176.784,0.6473214285714286,4,4,29,176.78400000000002
2MB4,MFT-SFT,1,2025-09-29,0.0,0.0,0.0,0,0,0,0.0
2MB4,MFT-SFT,1,2025-10-06,1029.0048000000002,904.6464000000001,0.8791469194312795,15,15,89,904.6464000000001
2MB4,MFT-SFT,1,2025-10-13,0.0,0.0,0.0,0,0,0,0.0
2MB4,MFT-SFT,1,2025-10-20,0.0,0.0,0.0,0,0,0,0.0
2MB4,MFT-SFT,1,2025-10-27,0.0,0.0,0.0,0,0,0,0.0
2MB4,MFT-SFT,1,2025-11-03,346.2528,286.512,0.8274647887323944,5,5,37,286.512
2MB4,MFT-SFT,1,2025-11-10,273.1008,140.208,0.5133928571428572,4,4,23,140.208
2MB4,MFT-SFT,1,2025-11-17,346.2528,249.936,0.721830985915493,5,5,33,249.936
2MB4,MFT-SFT,1,2025-11-24,273.1008,213.35999999999999,0.78125,4,4,32,213.36
2MB4,MFT-SFT,1,2025-12-08,346.2528,298.704,0.8626760563380282,5,5,41,298.704
2MB4,MFT-SFT,1,2025-12-15,443.7887999999999,353.568,0.7967032967032968,7,7,47,353.56800000000004
2MB4,MFT-SFT,1,2025-12-22,273.1008,158.49600000000004,0.580357142857143,4,4,26,158.496
2MB4,SFT-BFT,2,2025-01-06,0.0,0.0,0.0,0,0,0,0.0
2MB4,SFT-BFT,2,2025-01-13,492.55679999999995,402.336,0.8168316831683169,7,7,59,402.336
2MB4,SFT-BFT,2,2025-01-20,565.7088,451.104,0.7974137931034483,8,8,70,451.10400000000004
2MB4,SFT-BFT,2,2025-01-27,346.2528,304.8,0.8802816901408451,5,5,43,304.8
2MB4,SFT-BFT,2,2025-02-03,273.1008,140.208,0.5133928571428572,4,4,23,140.208
2MB4,SFT-BFT,2,2025-02-10,273.1008,91.44,0.33482142857142855,4,4,15,91.44
2MB4,SFT-BFT,2,2025-02-17,136.5504,48.768,0.35714285714285715,2,2,8,48.768
2MB4,SFT-BFT,2,2025-02-24,273.1008,115.82400000000001,0.4241071428571429,4,4,19,115.82400000000001
2MB4,SFT-BFT,2,2025-03-03,0.0,0.0,0.0,0,0,0,0.0
2MB4,SFT-BFT,2,2025-03-10,0.0,0.0,0.0,0,0,0,0.0
2MB4,SFT-BFT,2,2025-03-17,0.0,0.0,0.0,0,0,0,0.0
2MB4,SFT-BFT,2,2025-03-24,0.0,0.0,0.0,0,0,0,0.0
2MB4,SFT-BFT,2,2025-03-31,0.0,0.0,0.0,0,0,0,0.0
2MB4,SFT-BFT,2,2025-04-07,273.1008,213.35999999999999,0.78125,4,4,32,213.36
2MB4,SFT-BFT,2,2025-04-14,273.1008,176.784,0.6473214285714286,4,4,22,176.78400000000002
2MB4,SFT-BFT,2,2025-04-21,443.7887999999999,384.048,0.8653846153846155,9,9,45,384.048
2MB4,SFT-BFT,2,2025-04-28,24.384,18.288,0.75,1,1,1,18.288
2MB4,SFT-BFT,2,2025-05-05,273.1008,170.688,0.625,4,4,28,170.68800000000002
2MB4,SFT-BFT,2,2025-05-12,273.1008,176.784,0.6473214285714286,4,4,26,176.78400000000002
2MB4,SFT-BFT,2,2025-05-19,346.2528,249.936,0.721830985915493,5,5,33,249.936
2MB4,SFT-BFT,2,2025-05-26,273.1008,134.112,0.49107142857142855,4,4,21,134.112
2MB4,SFT-BFT,2,2025-06-02,0.0,0.0,0.0,0,0,0,0.0
2MB4,SFT-BFT,2,2025-06-09,24.384,18.288,0.75,1,1,1,18.288
2MB4,SFT-BFT,2,2025-06-16,204.8256,67.056,0.32738095238095233,3,3,11,67.056
2MB4,SFT-BFT,2,2025-06-23,273.1008,103.632,0.37946428571428575,4,4,17,103.632
2MB4,SFT-BFT,2,2025-06-30,0.0,0.0,0.0,0,0,0,0.0
2MB4,SFT-BFT,2,2025-07-07,68.2752,18.288,0.26785714285714285,1,1,3,18.288
2MB4,SFT-BFT,2,2025-07-14,297.48479999999995,115.824,0.389344262295082,5,5,17,115.82400000000001
2MB4,SFT-BFT,2,2025-07-21,297.48479999999995,140.20800000000003,0.47131147540983626,5,5,21,140.208
2MB4,SFT-BFT,2,2025-07-28,273.1008,121.92,0.44642857142857145,4,4,20,121.92
2MB4,SFT-BFT,2,2025-08-04,297.48479999999995,268.224,0.9016393442622952,5,5,39,268.224
2MB4,SFT-BFT,2,2025-08-11,297.48479999999995,109.72800000000001,0.3688524590163935,5,5,16,109.72800000000001
2MB4,SFT-BFT,2,2025-08-18,273.1008,158.49600000000004,0.580357142857143,4,4,21,158.496
2MB4,SFT-BFT,2,2025-08-25,273.1008,219.456,0.8035714285714286,4,4,36,219.45600000000002
2MB4,SFT-BFT,2,2025-09-01,0.0,0.0,0.0,0,0,0,0.0
2MB4,SFT-BFT,2,2025-09-08,321.86879999999996,182.88000000000005,0.5681818181818185,6,6,26,182.88
2MB4,SFT-BFT,2,2025-09-15,346.2528,280.416,0.8098591549295775,5,5,40,280.416
2MB4,SFT-BFT,2,2025-09-22,273.1008,176.784,0.6473214285714286,4,4,29,176.78400000000002
2MB4,SFT-BFT,2,2025-09-29,0.0,0.0,0.0,0,0,0,0.0
2MB4,SFT-BFT,2,2025-10-06,1029.0048000000002,904.6464000000001,0.8791469194312795,15,15,89,904.6464000000001
2MB4,SFT-BFT,2,2025-10-13,0.0,0.0,0.0,0,0,0,0.0
2MB4,SFT-BFT,2,2025-10-20,0.0,0.0,0.0,0,0,0,0.0
2MB4,SFT-BFT,2,2025-10-27,0.0,0.0,0.0,0,0,0,0.0
2MB4,SFT-BFT,2,2025-11-03,346.2528,286.512,0.8274647887323944,5,5,37,286.512
2MB4,SFT-BFT,2,2025-11-10,273.1008,140.208,0.5133928571428572,4,4,23,140.208
2MB4,SFT-BFT,2,2025-11-17,346.2528,249.936,0.721830985915493,5,5,33,249.936
2MB4,SFT-BFT,2,2025-11-24,273.1008,213.35999999999999,0.78125,4,4,32,213.36
2MB4,SFT-BFT,2,2025-12-08,346.2528,298.704,0.8626760563380282,5,5,41,298.704
2MB4,SFT-BFT,2,2025-12-15,443.7887999999999,353.568,0.7967032967032968,7,7,47,353.56800000000004
2MB4,SFT-BFT,2,2025-12-22,273.1008,158.49600000000004,0.580357142857143,4,4,26,158.496
3BM4,BFT-SFT,1,2025-01-07,492.55679999999995,377.952,0.7673267326732673,7,7,56,377.952
3BM4,BFT-SFT,1,2025-01-14,492.55679999999995,377.952,0.7673267326732673,7,7,51,377.952
3BM4,BFT-SFT,1,2025-01-21,273.1008,195.072,0.7142857142857143,4,4,32,195.072
3BM4,BFT-SFT,1,2025-01-28,0.0,0.0,0.0,0,0,0,0.0
3BM4,BFT-SFT,1,2025-02-04,273.1008,115.82400000000001,0.4241071428571429,4,4,19,115.82400000000001
3BM4,BFT-SFT,1,2025-02-11,136.5504,48.768,0.35714285714285715,2,2,8,48.768
3BM4,BFT-SFT,1,2025-02-18,273.1008,91.44,0.33482142857142855,4,4,15,91.44
3BM4,BFT-SFT,1,2025-02-25,204.8256,60.96,0.2976190476190476,3,3,10,60.96
3BM4,BFT-SFT,1,2025-03-04,0.0,0.0,0.0,0,0,0,0.0
3BM4,BFT-SFT,1,2025-03-11,0.0,0.0,0.0,0,0,0,0.0
3BM4,BFT-SFT,1,2025-03-18,0.0,0.0,0.0,0,0,0,0.0
3BM4,BFT-SFT,1,2025-03-25,0.0,0.0,0.0,0,0,0,0.0
3BM4,BFT-SFT,1,2025-04-01,0.0,0.0,0.0,0,0,0,0.0
3BM4,BFT-SFT,1,2025-04-08,273.1008,85.344,0.3125,4,4,14,85.34400000000001
3BM4,BFT-SFT,1,2025-04-15,0.0,0.0,0.0,0,0,0,0.0
3BM4,BFT-SFT,1,2025-04-22,0.0,0.0,0.0,0,0,0,0.0
3BM4,BFT-SFT,1,2025-04-29,0.0,0.0,0.0,0,0,0,0.0
3BM4,BFT-SFT,1,2025-05-06,0.0,0.0,0.0,0,0,0,0.0
3BM4,BFT-SFT,1,2025-05-13,0.0,0.0,0.0,0,0,0,0.0
3BM4,BFT-SFT,1,2025-05-20,0.0,0.0,0.0,0,0,0,0.0
3BM4,BFT-SFT,1,2025-05-27,204.8256,60.96,0.2976190476190476,3,3,10,60.96
3BM4,BFT-SFT,1,2025-06-03,0.0,0.0,0.0,0,0,0,0.0
3BM4,BFT-SFT,1,2025-06-10,0.0,0.0,0.0,0,0,0,0.0
3BM4,BFT-SFT,1,2025-06-17,0.0,0.0,0.0,0,0,0,0.0
3BM4,BFT-SFT,1,2025-06-24,68.2752,12.192,0.17857142857142858,1,1,2,12.192
3BM4,BFT-SFT,1,2025-07-01,0.0,0.0,0.0,0,0,0,0.0
3BM4,BFT-SFT,1,2025-07-08,0.0,0.0,0.0,0,0,0,0.0
3BM4,BFT-SFT,1,2025-07-15,0.0,0.0,0.0,0,0,0,0.0
3BM4,BFT-SFT,1,2025-07-22,0.0,0.0,0.0,0,0,0,0.0
3BM4,BFT-SFT,1,2025-07-29,0.0,0.0,0.0,0,0,0,0.0
3BM4,BFT-SFT,1,2025-08-05,273.1008,91.44,0.33482142857142855,4,4,15,91.44
3BM4,BFT-SFT,1,2025-08-12,0.0,0.0,0.0,0,0,0,0.0
3BM4,BFT-SFT,1,2025-08-19,136.5504,30.48,0.22321428571428573,2,2,5,30.48
3BM4,BFT-SFT,1,2025-08-26,0.0,0.0,0.0,0,0,0,0.0
3BM4,BFT-SFT,1,2025-09-02,0.0,0.0,0.0,0,0,0,0.0
3BM4,BFT-SFT,1,2025-09-09,68.2752,24.384,0.35714285714285715,1,1,4,24.384
3BM4,BFT-SFT,1,2025-09-16,346.2528,304.8,0.8802816901408451,5,5,50,304.8
3BM4,BFT-SFT,1,2025-09-23,273.1008,176.784,0.6473214285714286,4,4,29,176.78400000000002
3BM4,BFT-SFT,1,2025-09-30,0.0,0.0,0.0,0,0,0,0.0
3BM4,BFT-SFT,1,2025-10-07,1029.0048000000002,880.5672000000001,0.8557464454976302,15,15,104,880.5672000000001
3BM4,BFT-SFT,1,2025-10-14,0.0,0.0,0.0,0,0,0,0.0
3BM4,BFT-SFT,1,2025-10-21,0.0,0.0,0.0,0,0,0,0.0
3BM4,BFT-SFT,1,2025-10-28,0.0,0.0,0.0,0,0,0,0.0
3BM4,BFT-SFT,1,2025-11-04,273.1008,134.112,0.49107142857142855,4,4,19,134.112
3BM4,BFT-SFT,1,2025-11-11,273.1008,121.92,0.44642857142857145,4,4,15,121.92
3BM4,BFT-SFT,1,2025-11-18,273.1008,188.976,0.6919642857142857,4,4,30,188.976
3BM4,BFT-SFT,1,2025-11-25,273.1008,91.44,0.33482142857142855,4,4,15,91.44
3BM4,BFT-SFT,1,2025-12-09,273.1008,201.168,0.7366071428571429,4,4,29,201.168
3BM4,BFT-SFT,1,2025-12-16,273.1008,213.35999999999999,0.78125,4,4,35,213.36
3BM4,BFT-SFT,1,2025-12-23,346.2528,256.032,0.7394366197183099,5,5,42,256.03200000000004
3BM4,BFT-SFT,1,2025-12-30,68.2752,25.6032,0.375,1,1,2,25.6032
3BM4,SFT-ETT,2,2025-01-07,492.55679999999995,377.952,0.7673267326732673,7,7,56,377.952
3BM4,SFT-ETT,2,2025-01-14,492.55679999999995,377.952,0.7673267326732673,7,7,51,377.952
3BM4,SFT-ETT,2,2025-01-21,273.1008,195.072,0.7142857142857143,4,4,32,195.072
3BM4,SFT-ETT,2,2025-01-28,0.0,0.0,0.0,0,0,0,0.0
3BM4,SFT-ETT,2,2025-02-04,273.1008,115.82400000000001,0.4241071428571429,4,4,19,115.82400000000001
3BM4,SFT-ETT,2,2025-02-11,136.5504,48.768,0.35714285714285715,2,2,8,48.768
3BM4,SFT-ETT,2,2025-02-18,273.1008,91.44,0.33482142857142855,4,4,15,91.44
3BM4,SFT-ETT,2,2025-02-25,204.8256,60.96,0.2976190476190476,3,3,10,60.96
3BM4,SFT-ETT,2,2025-03-04,0.0,0.0,0.0,0,0,0,0.0
3BM4,SFT-ETT,2,2025-03-11,0.0,0.0,0.0,0,0,0,0.0
3BM4,SFT-ETT,2,2025-03-18,0.0,0.0,0.0,0,0,0,0.0
3BM4,SFT-ETT,2,2025-03-25,0.0,0.0,0.0,0,0,0,0.0
3BM4,SFT-ETT,2,2025-04-01,0.0,0.0,0.0,0,0,0,0.0
3BM4,SFT-ETT,2,2025-04-08,273.1008,85.344,0.3125,4,4,14,85.34400000000001
3BM4,SFT-ETT,2,2025-04-15,0.0,0.0,0.0,0,0,0,0.0
3BM4,SFT-ETT,2,2025-04-22,0.0,0.0,0.0,0,0,0,0.0
3BM4,SFT-ETT,2,2025-04-29,0.0,0.0,0.0,0,0,0,0.0
3BM4,SFT-ETT,2,2025-05-06,0.0,0.0,0.0,0,0,0,0.0
3BM4,SFT-ETT,2,2025-05-13,0.0,0.0,0.0,0,0,0,0.0
3BM4,SFT-ETT,2,2025-05-20,0.0,0.0,0.0,0,0,0,0.0
3BM4,SFT-ETT,2,2025-05-27,204.8256,60.96,0.2976190476190476,3,3,10,60.96
3BM4,SFT-ETT,2,2025-06-03,0.0,0.0,0.0,0,0,0,0.0
3BM4,SFT-ETT,2,2025-06-10,0.0,0.0,0.0,0,0,0,0.0
3BM4,SFT-ETT,2,2025-06-17,0.0,0.0,0.0,0,0,0,0.0
3BM4,SFT-ETT,2,2025-06-24,68.2752,12.192,0.17857142857142858,1,1,2,12.192
3BM4,SFT-ETT,2,2025-07-01,0.0,0.0,0.0,0,0,0,0.0
3BM4,SFT-ETT,2,2025-07-08,0.0,0.0,0.0,0,0,0,0.0
3BM4,SFT-ETT,2,2025-07-15,0.0,0.0,0.0,0,0,0,0.0
3BM4,SFT-ETT,2,2025-07-22,0.0,0.0,0.0,0,0,0,0.0
3BM4,SFT-ETT,2,2025-07-29,0.0,0.0,0.0,0,0,0,0.0
3BM4,SFT-ETT,2,2025-08-05,273.1008,91.44,0.33482142857142855,4,4,15,91.44
3BM4,SFT-ETT,2,2025-08-12,0.0,0.0,0.0,0,0,0,0.0
3BM4,SFT-ETT,2,2025-08-19,136.5504,30.48,0.22321428571428573,2,2,5,30.48
3BM4,SFT-ETT,2,2025-08-26,0.0,0.0,0.0,0,0,0,0.0
3BM4,SFT-ETT,2,2025-09-02,0.0,0.0,0.0,0,0,0,0.0
3BM4,SFT-ETT,2,2025-09-09,68.2752,24.384,0.35714285714285715,1,1,4,24.384
3BM4,SFT-ETT,2,2025-09-16,346.2528,304.8,0.8802816901408451,5,5,50,304.8
3BM4,SFT-ETT,2,2025-09-23,273.1008,176.784,0.6473214285714286,4,4,29,176.78400000000002
3BM4,SFT-ETT,2,2025-09-30,0.0,0.0,0.0,0,0,0,0.0
3BM4,SFT-ETT,2,2025-10-07,1029.0048000000002,880.5672000000001,0.8557464454976302,15,15,104,880.5672000000001
3BM4,SFT-ETT,2,2025-10-14,0.0,0.0,0.0,0,0,0,0.0
3BM4,SFT-ETT,2,2025-10-21,0.0,0.0,0.0,0,0,0,0.0
3BM4,SFT-ETT,2,2025-10-28,0.0,0.0,0.0,0,0,0,0.0
3BM4,SFT-ETT,2,2025-11-04,273.1008,134.112,0.49107142857142855,4,4,19,134.112
3BM4,SFT-ETT,2,2025-11-11,273.1008,121.92,0.44642857142857145,4,4,15,121.92
3BM4,SFT-ETT,2,2025-11-18,273.1008,188.976,0.6919642857142857,4,4,30,188.976
3BM4,SFT-ETT,2,2025-11-25,273.1008,91.44,0.33482142857142855,4,4,15,91.44
3BM4,SFT-ETT,2,2025-12-09,273.1008,201.168,0.7366071428571429,4,4,29,201.168
3BM4,SFT-ETT,2,2025-12-16,273.1008,213.35999999999999,0.78125,4,4,35,213.36
3BM4,SFT-ETT,2,2025-12-23,346.2528,256.032,0.7394366197183099,5,5,42,256.03200000000004
3BM4,SFT-ETT,2,2025-12-30,68.2752,25.6032,0.375,1,1,2,25.6032
3BM4,ETT-MFT,3,2025-01-07,565.7088,475.48799999999994,0.8405172413793103,8,8,64,475.488
3BM4,ETT-MFT,3,2025-01-14,565.7088,475.48799999999994,0.8405172413793103,8,8,59,475.488
3BM4,ETT-MFT,3,2025-01-21,346.2528,292.608,0.8450704225352114,5,5,42,292.608
3BM4,ETT-MFT,3,2025-01-28,0.0,0.0,0.0,0,0,0,0.0
3BM4,ETT-MFT,3,2025-02-04,273.1008,213.35999999999999,0.78125,4,4,35,213.36
3BM4,ETT-MFT,3,2025-02-11,273.1008,146.304,0.5357142857142857,4,4,24,146.304
3BM4,ETT-MFT,3,2025-02-18,273.1008,188.976,0.6919642857142857,4,4,29,188.976
3BM4,ETT-MFT,3,2025-02-25,273.1008,158.49600000000004,0.580357142857143,4,4,21,158.496
3BM4,ETT-MFT,3,2025-03-04,0.0,0.0,0.0,0,0,0,0.0
3BM4,ETT-MFT,3,2025-03-11,68.2752,12.192,0.17857142857142858,1,1,2,12.192
3BM4,ETT-MFT,3,2025-03-18,0.0,0.0,0.0,0,0,0,0.0
3BM4,ETT-MFT,3,2025-03-25,0.0,0.0,0.0,0,0,0,0.0
3BM4,ETT-MFT,3,2025-04-01,0.0,0.0,0.0,0,0,0,0.0
3BM4,ETT-MFT,3,2025-04-08,273.1008,182.88,0.6696428571428571,4,4,26,182.88
3BM4,ETT-MFT,3,2025-04-15,204.8256,54.864000000000004,0.26785714285714285,3,3,9,54.864000000000004
3BM4,ETT-MFT,3,2025-04-22,204.8256,67.056,0.32738095238095233,3,3,11,67.056
3BM4,ETT-MFT,3,2025-04-29,0.0,0.0,0.0,0,0,0,0.0
3BM4,ETT-MFT,3,2025-05-06,204.8256,73.152,0.35714285714285715,3,3,12,73.152
3BM4,ETT-MFT,3,2025-05-13,204.8256,67.056,0.32738095238095233,3,3,11,67.056
3BM4,ETT-MFT,3,2025-05-20,273.1008,97.536,0.35714285714285715,4,4,16,97.536
3BM4,ETT-MFT,3,2025-05-27,273.1008,158.49600000000004,0.580357142857143,4,4,23,158.496
3BM4,ETT-MFT,3,2025-06-03,136.5504,36.576,0.26785714285714285,2,2,6,36.576
3BM4,ETT-MFT,3,2025-06-10,273.1008,91.44,0.33482142857142855,4,4,15,91.44
3BM4,ETT-MFT,3,2025-06-17,24.384,18.288,0.75,1,1,1,18.288
3BM4,ETT-MFT,3,2025-06-24,273.1008,109.728,0.4017857142857143,4,4,17,109.72800000000001
3BM4,ETT-MFT,3,2025-07-01,0.0,0.0,0.0,0,0,0,0.0
3BM4,ETT-MFT,3,2025-07-08,0.0,0.0,0.0,0,0,0,0.0
3BM4,ETT-MFT,3,2025-07-15,24.384,18.288,0.75,1,1,1,18.288
3BM4,ETT-MFT,3,2025-07-22,204.8256,67.056,0.32738095238095233,3,3,11,67.056
3BM4,ETT-MFT,3,2025-07-29,0.0,0.0,0.0,0,0,0,0.0
3BM4,ETT-MFT,3,2025-08-05,297.48479999999995,188.976,0.6352459016393444,5,5,27,188.976
3BM4,ETT-MFT,3,2025-08-12,68.2752,24.384,0.35714285714285715,1,1,4,24.384
3BM4,ETT-MFT,3,2025-08-19,321.86879999999996,128.016,0.39772727272727276,6,6,17,128.01600000000002
3BM4,ETT-MFT,3,2025-08-26,273.1008,79.248,0.29017857142857145,4,4,13,79.248
3BM4,ETT-MFT,3,2025-09-02,0.0,0.0,0.0,0,0,0,0.0
3BM4,ETT-MFT,3,2025-09-09,297.48479999999995,121.92,0.40983606557377056,5,5,18,121.92
3BM4,ETT-MFT,3,2025-09-16,492.55679999999995,402.336,0.8168316831683169,7,7,65,402.336
3BM4,ETT-MFT,3,2025-09-23,370.63679999999994,271.272,0.7319078947368423,6,6,42,271.272
3BM4,ETT-MFT,3,2025-09-30,0.0,0.0,0.0,0,0,0,0.0
3BM4,ETT-MFT,3,2025-10-07,1102.1568000000002,959.8152000000001,0.8708517699115044,18,18,112,978.1032
3BM4,ETT-MFT,3,2025-10-14,68.2752,6.096,0.08928571428571429,1,1,1,6.096
3BM4,ETT-MFT,3,2025-10-21,68.2752,18.288,0.26785714285714285,1,1,3,18.288
3BM4,ETT-MFT,3,2025-10-28,0.0,0.0,0.0,0,0,0,0.0
3BM4,ETT-MFT,3,2025-11-04,273.1008,231.648,0.8482142857142857,4,4,27,231.64800000000002
3BM4,ETT-MFT,3,2025-11-11,297.48479999999995,219.45600000000002,0.737704918032787,5,5,23,219.45600000000002
3BM4,ETT-MFT,3,2025-11-18,346.2528,286.512,0.8274647887323944,5,5,38,286.512
3BM4,ETT-MFT,3,2025-11-25,273.1008,188.976,0.6919642857142857,4,4,31,188.976
3BM4,ETT-MFT,3,2025-12-09,346.2528,298.704,0.8626760563380282,5,5,37,298.704
3BM4,ETT-MFT,3,2025-12-16,419.40479999999997,310.896,0.741279069767442,6,6,46,310.896
3BM4,ETT-MFT,3,2025-12-23,419.40479999999997,353.568,0.8430232558139535,6,6,55,353.56800000000004
3BM4,ETT-MFT,3,2025-12-30,136.5504,82.296,0.6026785714285715,2,2,6,82.296
3MB4,MFT-SFT,1,2025-01-07,277.9776,207.264,0.7456140350877194,4,4,34,207.264
3MB4,MFT-SFT,1,2025-01-14,716.8896000000001,591.312,0.8248299319727891,10,10,67,591.312
3MB4,MFT-SFT,1,2025-01-21,668.1216000000001,543.1536,0.812956204379562,10,10,63,543.1536
3MB4,MFT-SFT,1,2025-01-28,0.0,0.0,0.0,0,0,0,0.0
3MB4,MFT-SFT,1,2025-02-04,277.9776,188.976,0.6798245614035088,4,4,24,188.976
3MB4,MFT-SFT,1,2025-02-11,204.8256,91.44000000000001,0.44642857142857145,3,3,14,91.44
3MB4,MFT-SFT,1,2025-02-18,351.1296,249.936,0.7118055555555556,5,5,28,249.936
3MB4,MFT-SFT,1,2025-02-25,277.9776,207.264,0.7456140350877194,4,4,24,207.264
3MB4,MFT-SFT,1,2025-03-04,0.0,0.0,0.0,0,0,0,0.0
3MB4,MFT-SFT,1,2025-03-11,68.2752,18.288,0.26785714285714285,1,1,3,18.288
3MB4,MFT-SFT,1,2025-03-18,0.0,0.0,0.0,0,0,0,0.0
3MB4,MFT-SFT,1,2025-03-25,204.8256,60.96,0.2976190476190476,3,3,10,60.96
3MB4,MFT-SFT,1,2025-04-01,0.0,0.0,0.0,0,0,0,0.0
3MB4,MFT-SFT,1,2025-04-08,497.43359999999996,371.856,0.7475490196078431,7,7,46,371.856
3MB4,MFT-SFT,1,2025-04-15,277.9776,225.552,0.8114035087719298,4,4,28,225.55200000000002
3MB4,MFT-SFT,1,2025-04-22,204.8256,103.632,0.5059523809523809,3,3,17,103.632
3MB4,MFT-SFT,1,2025-04-29,0.0,0.0,0.0,0,0,0,0.0
3MB4,MFT-SFT,1,2025-05-06,351.1296,256.032,0.7291666666666666,5,5,32,256.03200000000004
3MB4,MFT-SFT,1,2025-05-13,277.9776,195.072,0.7017543859649124,4,4,24,195.072
3MB4,MFT-SFT,1,2025-05-20,351.1296,286.512,0.8159722222222222,5,5,35,286.512
3MB4,MFT-SFT,1,2025-05-27,277.9776,219.456,0.7894736842105263,4,4,27,219.45600000000002
3MB4,MFT-SFT,1,2025-06-03,229.20959999999997,91.44,0.398936170212766,4,4,13,91.44
3MB4,MFT-SFT,1,2025-06-10,302.36159999999995,231.64800000000002,0.7661290322580647,5,5,32,231.64800000000002
3MB4,MFT-SFT,1,2025-06-17,204.8256,182.88,0.8928571428571428,3,3,30,182.88
3MB4,MFT-SFT,1,2025-06-24,229.20959999999997,207.264,0.9042553191489363,4,4,26,207.264
3MB4,MFT-SFT,1,2025-07-01,24.384,18.288,0.75,1,1,1,18.288
3MB4,MFT-SFT,1,2025-07-08,204.8256,91.44000000000001,0.44642857142857145,3,3,15,91.44
3MB4,MFT-SFT,1,2025-07-15,253.59359999999998,195.072,0.7692307692307693,5,5,26,195.072
3MB4,MFT-SFT,1,2025-07-22,204.8256,170.688,0.8333333333333333,3,3,24,170.68800000000002
3MB4,MFT-SFT,1,2025-07-29,0.0,0.0,0.0,0,0,0,0.0
3MB4,MFT-SFT,1,2025-08-05,326.74559999999997,292.608,0.8955223880597016,6,6,34,292.608
3MB4,MFT-SFT,1,2025-08-12,424.28159999999997,335.28,0.7902298850574713,8,8,38,335.28000000000003
3MB4,MFT-SFT,1,2025-08-19,351.1296,268.224,0.763888888888889,5,5,32,268.224
3MB4,MFT-SFT,1,2025-08-26,204.8256,182.88,0.8928571428571428,3,3,25,182.88
3MB4,MFT-SFT,1,2025-09-02,24.384,18.288,0.75,1,1,1,18.288
3MB4,MFT-SFT,1,2025-09-09,229.20959999999997,195.072,0.8510638297872342,4,4,26,195.072
3MB4,MFT-SFT,1,2025-09-16,351.1296,249.936,0.7118055555555556,5,5,32,249.936
3MB4,MFT-SFT,1,2025-09-23,229.20959999999997,170.688,0.7446808510638299,4,4,25,170.68800000000002
3MB4,MFT-SFT,1,2025-09-30,0.0,0.0,0.0,0,0,0,0.0
3MB4,MFT-SFT,1,2025-10-07,1033.8816000000002,932.0784000000001,0.9015330188679245,17,17,103,1060.0944
3MB4,MFT-SFT,1,2025-10-14,0.0,0.0,0.0,0,0,0,0.0
3MB4,MFT-SFT,1,2025-10-21,0.0,0.0,0.0,0,0,0,0.0
3MB4,MFT-SFT,1,2025-10-28,204.8256,152.4,0.7440476190476191,3,3,22,152.4
3MB4,MFT-SFT,1,2025-11-04,204.8256,146.304,0.7142857142857143,3,3,19,146.304
3MB4,MFT-SFT,1,2025-11-11,0.0,0.0,0.0,0,0,0,0.0
3MB4,MFT-SFT,1,2025-11-18,277.9776,213.35999999999999,0.7675438596491228,4,4,30,213.36
3MB4,MFT-SFT,1,2025-11-25,277.9776,188.976,0.6798245614035088,4,4,31,188.976
3MB4,MFT-SFT,1,2025-12-09,424.28159999999997,326.7456,0.7701149425287357,6,6,36,326.7456
3MB4,MFT-SFT,1,2025-12-16,351.1296,299.9232,0.8541666666666667,5,5,34,299.9232
3MB4,MFT-SFT,1,2025-12-23,351.1296,249.936,0.7118055555555556,5,5,32,249.936
3MB4,SFT-BFT,2,2025-01-07,277.9776,207.264,0.7456140350877194,4,4,34,207.264
3MB4,SFT-BFT,2,2025-01-14,716.8896000000001,591.312,0.8248299319727891,10,10,67,591.312
3MB4,SFT-BFT,2,2025-01-21,668.1216000000001,543.1536,0.812956204379562,10,10,63,543.1536
3MB4,SFT-BFT,2,2025-01-28,0.0,0.0,0.0,0,0,0,0.0
3MB4,SFT-BFT,2,2025-02-04,277.9776,188.976,0.6798245614035088,4,4,24,188.976
3MB4,SFT-BFT,2,2025-02-11,204.8256,91.44000000000001,0.44642857142857145,3,3,14,91.44
3MB4,SFT-BFT,2,2025-02-18,351.1296,249.936,0.7118055555555556,5,5,28,249.936
3MB4,SFT-BFT,2,2025-02-25,277.9776,207.264,0.7456140350877194,4,4,24,207.264
3MB4,SFT-BFT,2,2025-03-04,0.0,0.0,0.0,0,0,0,0.0
3MB4,SFT-BFT,2,2025-03-11,68.2752,18.288,0.26785714285714285,1,1,3,18.288
3MB4,SFT-BFT,2,2025-03-18,0.0,0.0,0.0,0,0,0,0.0
3MB4,SFT-BFT,2,2025-03-25,204.8256,60.96,0.2976190476190476,3,3,10,60.96
3MB4,SFT-BFT,2,2025-04-01,0.0,0.0,0.0,0,0,0,0.0
3MB4,SFT-BFT,2,2025-04-08,497.43359999999996,371.856,0.7475490196078431,7,7,46,371.856
3MB4,SFT-BFT,2,2025-04-15,277.9776,225.552,0.8114035087719298,4,4,28,225.55200000000002
3MB4,SFT-BFT,2,2025-04-22,204.8256,103.632,0.5059523809523809,3,3,17,103.632
3MB4,SFT-BFT,2,2025-04-29,0.0,0.0,0.0,0,0,0,0.0
3MB4,SFT-BFT,2,2025-05-06,351.1296,256.032,0.7291666666666666,5,5,32,256.03200000000004
3MB4,SFT-BFT,2,2025-05-13,277.9776,195.072,0.7017543859649124,4,4,24,195.072
3MB4,SFT-BFT,2,2025-05-20,351.1296,286.512,0.8159722222222222,5,5,35,286.512
3MB4,SFT-BFT,2,2025-05-27,277.9776,219.456,0.7894736842105263,4,4,27,219.45600000000002
3MB4,SFT-BFT,2,2025-06-03,229.20959999999997,91.44,0.398936170212766,4,4,13,91.44
3MB4,SFT-BFT,2,2025-06-10,302.36159999999995,231.64800000000002,0.7661290322580647,5,5,32,231.64800000000002
3MB4,SFT-BFT,2,2025-06-17,204.8256,182.88,0.8928571428571428,3,3,30,182.88
3MB4,SFT-BFT,2,2025-06-24,229.20959999999997,207.264,0.9042553191489363,4,4,26,207.264
3MB4,SFT-BFT,2,2025-07-01,24.384,18.288,0.75,1,1,1,18.288
3MB4,SFT-BFT,2,2025-07-08,204.8256,91.44000000000001,0.44642857142857145,3,3,15,91.44
3MB4,SFT-BFT,2,2025-07-15,253.59359999999998,195.072,0.7692307692307693,5,5,26,195.072
3MB4,SFT-BFT,2,2025-07-22,204.8256,170.688,0.8333333333333333,3,3,24,170.68800000000002
3MB4,SFT-BFT,2,2025-07-29,0.0,0.0,0.0,0,0,0,0.0
3MB4,SFT-BFT,2,2025-08-05,326.74559999999997,292.608,0.8955223880597016,6,6,34,292.608
3MB4,SFT-BFT,2,2025-08-12,424.28159999999997,335.28,0.7902298850574713,8,8,38,335.28000000000003
3MB4,SFT-BFT,2,2025-08-19,351.1296,268.224,0.763888888888889,5,5,32,268.224
3MB4,SFT-BFT,2,2025-08-26,204.8256,182.88,0.8928571428571428,3,3,25,182.88
3MB4,SFT-BFT,2,2025-09-02,24.384,18.288,0.75,1,1,1,18.288
3MB4,SFT-BFT,2,2025-09-09,229.20959999999997,195.072,0.8510638297872342,4,4,26,195.072
3MB4,SFT-BFT,2,2025-09-16,351.1296,249.936,0.7118055555555556,5,5,32,249.936
3MB4,SFT-BFT,2,2025-09-23,229.20959999999997,170.688,0.7446808510638299,4,4,25,170.68800000000002
3MB4,SFT-BFT,2,2025-09-30,0.0,0.0,0.0,0,0,0,0.0
3MB4,SFT-BFT,2,2025-10-07,1033.8816000000002,932.0784000000001,0.9015330188679245,17,17,103,1060.0944
3MB4,SFT-BFT,2,2025-10-14,0.0,0.0,0.0,0,0,0,0.0
3MB4,SFT-BFT,2,2025-10-21,0.0,0.0,0.0,0,0,0,0.0
3MB4,SFT-BFT,2,2025-10-28,204.8256,152.4,0.7440476190476191,3,3,22,152.4
3MB4,SFT-BFT,2,2025-11-04,204.8256,146.304,0.7142857142857143,3,3,19,146.304
3MB4,SFT-BFT,2,2025-11-11,0.0,0.0,0.0,0,0,0,0.0
3MB4,SFT-BFT,2,2025-11-18,277.9776,213.35999999999999,0.7675438596491228,4,4,30,213.36
3MB4,SFT-BFT,2,2025-11-25,277.9776,188.976,0.6798245614035088,4,4,31,188.976
3MB4,SFT-BFT,2,2025-12-09,424.28159999999997,326.7456,0.7701149425287357,6,6,36,326.7456
3MB4,SFT-BFT,2,2025-12-16,351.1296,299.9232,0.8541666666666667,5,5,34,299.9232
3MB4,SFT-BFT,2,2025-12-23,351.1296,249.936,0.7118055555555556,5,5,32,249.936
3MB5,MFT-ETT,1,2025-02-04,341.376,121.92,0.35714285714285715,5,5,20,121.92
3MB5,MFT-ETT,1,2025-02-11,409.65119999999996,280.416,0.6845238095238095,6,6,46,280.416
3MB5,MFT-ETT,1,2025-02-25,409.65119999999996,195.072,0.4761904761904762,6,6,32,195.072
3MB5,MFT-ETT,1,2025-03-11,409.65119999999996,134.112,0.3273809523809524,6,6,22,134.112
3MB5,MFT-ETT,1,2025-03-18,204.8256,73.152,0.35714285714285715,3,3,12,73.152
3MB5,MFT-ETT,1,2025-03-25,409.65119999999996,331.31759999999997,0.8087797619047619,6,6,37,331.3176
3MB5,MFT-ETT,1,2025-04-01,434.0351999999999,384.04799999999994,0.8848314606741573,7,7,63,384.048
3MB5,MFT-ETT,1,2025-05-06,0.0,0.0,0.0,0,0,0,0.0
3MB5,MFT-ETT,1,2025-08-05,0.0,0.0,0.0,0,0,0,0.0
3MB5,MFT-ETT,1,2025-08-12,409.65119999999996,164.59200000000004,0.4017857142857144,6,6,27,164.592
3MB5,MFT-ETT,1,2025-09-02,409.65119999999996,256.03200000000004,0.6250000000000001,6,6,42,256.03200000000004
3MB5,MFT-ETT,1,2025-09-09,204.8256,73.152,0.35714285714285715,3,3,12,73.152
3MB5,MFT-ETT,1,2025-09-16,409.65119999999996,256.03200000000004,0.6250000000000001,6,6,42,256.03200000000004
3MB5,MFT-ETT,1,2025-09-23,204.8256,73.152,0.35714285714285715,3,3,12,73.152
3MB5,MFT-ETT,1,2025-10-07,580.3392,512.0640000000001,0.8823529411764707,13,13,158,1139.952
3MB5,ETT-SFT,2,2025-02-04,341.376,121.92,0.35714285714285715,5,5,20,121.92
3MB5,ETT-SFT,2,2025-02-11,409.65119999999996,280.416,0.6845238095238095,6,6,46,280.416
3MB5,ETT-SFT,2,2025-02-25,409.65119999999996,195.072,0.4761904761904762,6,6,32,195.072
3MB5,ETT-SFT,2,2025-03-11,409.65119999999996,134.112,0.3273809523809524,6,6,22,134.112
3MB5,ETT-SFT,2,2025-03-18,204.8256,73.152,0.35714285714285715,3,3,12,73.152
3MB5,ETT-SFT,2,2025-03-25,409.65119999999996,331.31759999999997,0.8087797619047619,6,6,37,331.3176
3MB5,ETT-SFT,2,2025-04-01,434.0351999999999,384.04799999999994,0.8848314606741573,7,7,63,384.048
3MB5,ETT-SFT,2,2025-05-06,0.0,0.0,0.0,0,0,0,0.0
3MB5,ETT-SFT,2,2025-08-05,0.0,0.0,0.0,0,0,0,0.0
3MB5,ETT-SFT,2,2025-08-12,409.65119999999996,164.59200000000004,0.4017857142857144,6,6,27,164.592
3MB5,ETT-SFT,2,2025-09-02,409.65119999999996,256.03200000000004,0.6250000000000001,6,6,42,256.03200000000004
3MB5,ETT-SFT,2,2025-09-09,204.8256,73.152,0.35714285714285715,3,3,12,73.152
3MB5,ETT-SFT,2,2025-09-16,409.65119999999996,256.03200000000004,0.6250000000000001,6,6,42,256.03200000000004
3MB5,ETT-SFT,2,2025-09-23,204.8256,73.152,0.35714285714285715,3,3,12,73.152
3MB5,ETT-SFT,2,2025-10-07,580.3392,512.0640000000001,0.8823529411764707,13,13,158,1139.952
3MB5,SFT-BFT,3,2025-02-04,273.1008,237.74400000000003,0.8705357142857144,4,4,55,408.432
3MB5,SFT-BFT,3,2025-02-11,273.1008,249.936,0.9151785714285715,4,4,77,579.12
3MB5,SFT-BFT,3,2025-02-25,273.1008,237.744,0.8705357142857143,4,4,66,481.584
3MB5,SFT-BFT,3,2025-03-11,273.1008,243.84,0.8928571428571429,4,4,59,426.72
3MB5,SFT-BFT,3,2025-03-18,273.1008,245.0592,0.8973214285714286,4,4,46,366.9792
3MB5,SFT-BFT,3,2025-03-25,273.1008,273.1008,1.0,4,4,61,620.268
3MB5,SFT-BFT,3,2025-04-01,273.1008,243.84,0.8928571428571429,4,4,102,676.6560000000001
3MB5,SFT-BFT,3,2025-05-06,273.1008,103.632,0.37946428571428575,4,4,17,103.632
3MB5,SFT-BFT,3,2025-08-05,273.1008,231.648,0.8482142857142857,4,4,38,231.64800000000002
3MB5,SFT-BFT,3,2025-08-12,273.1008,243.84,0.8928571428571429,4,4,75,457.20000000000005
3MB5,SFT-BFT,3,2025-09-02,273.1008,243.84,0.8928571428571429,4,4,90,548.64
3MB5,SFT-BFT,3,2025-09-09,273.1008,243.84,0.8928571428571429,4,4,60,365.76
3MB5,SFT-BFT,3,2025-09-16,273.1008,243.84,0.8928571428571429,4,4,90,548.64
3MB5,SFT-BFT,3,2025-09-23,273.1008,243.84,0.8928571428571429,4,4,47,365.76
3MB5,SFT-BFT,3,2025-10-07,273.1008,243.84,0.8928571428571429,4,4,182,1432.5600000000002
4BM4,BFT-SFT,1,2025-01-01,0.0,0.0,0.0,0,0,0,0.0
4BM4,BFT-SFT,1,2025-01-08,204.8256,73.152,0.35714285714285715,3,3,12,73.152
4BM4,BFT-SFT,1,2025-01-15,346.2528,249.936,0.721830985915493,5,5,35,249.936
4BM4,BFT-SFT,1,2025-01-22,273.1008,121.92,0.44642857142857145,4,4,20,121.92
4BM4,BFT-SFT,1,2025-01-29,0.0,0.0,0.0,0,0,0,0.0
4BM4,BFT-SFT,1,2025-02-05,273.1008,237.744,0.8705357142857143,4,4,29,237.744
4BM4,BFT-SFT,1,2025-02-12,273.1008,121.92,0.44642857142857145,4,4,17,121.92
4BM4,BFT-SFT,1,2025-02-19,273.1008,201.168,0.7366071428571429,4,4,25,201.168
4BM4,BFT-SFT,1,2025-02-26,0.0,0.0,0.0,0,0,0,0.0
4BM4,BFT-SFT,1,2025-03-05,0.0,0.0,0.0,0,0,0,0.0
4BM4,BFT-SFT,1,2025-03-12,0.0,0.0,0.0,0,0,0,0.0
4BM4,BFT-SFT,1,2025-03-19,0.0,0.0,0.0,0,0,0,0.0
4BM4,BFT-SFT,1,2025-03-26,0.0,0.0,0.0,0,0,0,0.0
4BM4,BFT-SFT,1,2025-04-02,0.0,0.0,0.0,0,0,0,0.0
4BM4,BFT-SFT,1,2025-04-09,273.1008,176.784,0.6473214285714286,4,4,26,176.78400000000002
4BM4,BFT-SFT,1,2025-04-16,273.1008,115.82400000000001,0.4241071428571429,4,4,19,115.82400000000001
4BM4,BFT-SFT,1,2025-04-23,273.1008,115.82400000000001,0.4241071428571429,4,4,19,115.82400000000001
4BM4,BFT-SFT,1,2025-04-30,0.0,0.0,0.0,0,0,0,0.0
4BM4,BFT-SFT,1,2025-05-07,273.1008,91.44,0.33482142857142855,4,4,15,91.44
4BM4,BFT-SFT,1,2025-05-14,204.8256,67.056,0.32738095238095233,3,3,11,67.056
4BM4,BFT-SFT,1,2025-05-21,68.2752,24.384,0.35714285714285715,1,1,4,24.384
4BM4,BFT-SFT,1,2025-05-28,204.8256,67.056,0.32738095238095233,3,3,11,67.056
4BM4,BFT-SFT,1,2025-06-04,0.0,0.0,0.0,0,0,0,0.0
4BM4,BFT-SFT,1,2025-06-11,273.1008,91.44,0.33482142857142855,4,4,15,91.44
4BM4,BFT-SFT,1,2025-06-18,204.8256,54.864000000000004,0.26785714285714285,3,3,9,54.864000000000004
4BM4,BFT-SFT,1,2025-06-25,136.5504,42.672,0.3125,2,2,7,42.672000000000004
4BM4,BFT-SFT,1,2025-07-02,0.0,0.0,0.0,0,0,0,0.0
4BM4,BFT-SFT,1,2025-07-09,0.0,0.0,0.0,0,0,0,0.0
4BM4,BFT-SFT,1,2025-07-16,0.0,0.0,0.0,0,0,0,0.0
4BM4,BFT-SFT,1,2025-07-23,68.2752,24.384,0.35714285714285715,1,1,4,24.384
4BM4,BFT-SFT,1,2025-07-30,0.0,0.0,0.0,0,0,0,0.0
4BM4,BFT-SFT,1,2025-08-06,273.1008,176.784,0.6473214285714286,4,4,27,176.78400000000002
4BM4,BFT-SFT,1,2025-08-13,0.0,0.0,0.0,0,0,0,0.0
4BM4,BFT-SFT,1,2025-08-20,273.1008,97.536,0.35714285714285715,4,4,16,97.536
4BM4,BFT-SFT,1,2025-08-27,273.1008,109.728,0.4017857142857143,4,4,17,109.72800000000001
4BM4,BFT-SFT,1,2025-09-03,273.1008,140.208,0.5133928571428572,4,4,18,140.208
4BM4,BFT-SFT,1,2025-09-10,136.5504,42.672,0.3125,2,2,7,42.672000000000004
4BM4,BFT-SFT,1,2025-09-17,48.768,36.576,0.75,2,2,2,36.576
4BM4,BFT-SFT,1,2025-09-24,273.1008,167.64000000000004,0.6138392857142859,4,4,24,167.64000000000001
4BM4,BFT-SFT,1,2025-10-01,97.536,73.152,0.75,4,4,4,73.152
4BM4,BFT-SFT,1,2025-10-08,1077.7728000000002,942.1368000000002,0.8741515837104072,17,17,98,942.1368
4BM4,BFT-SFT,1,2025-10-15,0.0,0.0,0.0,0,0,0,0.0
4BM4,BFT-SFT,1,2025-10-22,0.0,0.0,0.0,0,0,0,0.0
4BM4,BFT-SFT,1,2025-10-29,0.0,0.0,0.0,0,0,0,0.0
4BM4,BFT-SFT,1,2025-11-05,273.1008,134.112,0.49107142857142855,4,4,17,134.112
4BM4,BFT-SFT,1,2025-11-12,273.1008,170.688,0.625,4,4,22,170.68800000000002
4BM4,BFT-SFT,1,2025-11-19,273.1008,97.536,0.35714285714285715,4,4,16,97.536
4BM4,BFT-SFT,1,2025-11-26,273.1008,195.072,0.7142857142857143,4,4,23,195.072
4BM4,BFT-SFT,1,2025-12-03,419.40479999999997,341.37600000000003,0.8139534883720931,6,6,40,341.37600000000003
4BM4,BFT-SFT,1,2025-12-10,273.1008,207.264,0.7589285714285715,4,4,28,207.264
4BM4,BFT-SFT,1,2025-12-17,273.1008,146.304,0.5357142857142857,4,4,24,146.304
4BM4,BFT-SFT,1,2025-12-24,346.2528,295.9608,0.8547535211267606,5,5,33,295.9608
4BM4,BFT-SFT,1,2025-12-31,273.1008,158.49600000000004,0.580357142857143,4,4,21,158.496
4BM4,SFT-MFT,2,2025-01-01,0.0,0.0,0.0,0,0,0,0.0
4BM4,SFT-MFT,2,2025-01-08,204.8256,73.152,0.35714285714285715,3,3,12,73.152
4BM4,SFT-MFT,2,2025-01-15,346.2528,249.936,0.721830985915493,5,5,35,249.936
4BM4,SFT-MFT,2,2025-01-22,273.1008,121.92,0.44642857142857145,4,4,20,121.92
4BM4,SFT-MFT,2,2025-01-29,0.0,0.0,0.0,0,0,0,0.0
4BM4,SFT-MFT,2,2025-02-05,273.1008,237.744,0.8705357142857143,4,4,29,237.744
4BM4,SFT-MFT,2,2025-02-12,273.1008,121.92,0.44642857142857145,4,4,17,121.92
4BM4,SFT-MFT,2,2025-02-19,273.1008,201.168,0.7366071428571429,4,4,25,201.168
4BM4,SFT-MFT,2,2025-02-26,0.0,0.0,0.0,0,0,0,0.0
4BM4,SFT-MFT,2,2025-03-05,0.0,0.0,0.0,0,0,0,0.0
4BM4,SFT-MFT,2,2025-03-12,0.0,0.0,0.0,0,0,0,0.0
4BM4,SFT-MFT,2,2025-03-19,0.0,0.0,0.0,0,0,0,0.0
4BM4,SFT-MFT,2,2025-03-26,0.0,0.0,0.0,0,0,0,0.0
4BM4,SFT-MFT,2,2025-04-02,0.0,0.0,0.0,0,0,0,0.0
4BM4,SFT-MFT,2,2025-04-09,273.1008,176.784,0.6473214285714286,4,4,26,176.78400000000002
4BM4,SFT-MFT,2,2025-04-16,273.1008,115.82400000000001,0.4241071428571429,4,4,19,115.82400000000001
4BM4,SFT-MFT,2,2025-04-23,273.1008,115.82400000000001,0.4241071428571429,4,4,19,115.82400000000001
4BM4,SFT-MFT,2,2025-04-30,0.0,0.0,0.0,0,0,0,0.0
4BM4,SFT-MFT,2,2025-05-07,273.1008,91.44,0.33482142857142855,4,4,15,91.44
4BM4,SFT-MFT,2,2025-05-14,204.8256,67.056,0.32738095238095233,3,3,11,67.056
4BM4,SFT-MFT,2,2025-05-21,68.2752,24.384,0.35714285714285715,1,1,4,24.384
4BM4,SFT-MFT,2,2025-05-28,204.8256,67.056,0.32738095238095233,3,3,11,67.056
4BM4,SFT-MFT,2,2025-06-04,0.0,0.0,0.0,0,0,0,0.0
4BM4,SFT-MFT,2,2025-06-11,273.1008,91.44,0.33482142857142855,4,4,15,91.44
4BM4,SFT-MFT,2,2025-06-18,204.8256,54.864000000000004,0.26785714285714285,3,3,9,54.864000000000004
4BM4,SFT-MFT,2,2025-06-25,136.5504,42.672,0.3125,2,2,7,42.672000000000004
4BM4,SFT-MFT,2,2025-07-02,0.0,0.0,0.0,0,0,0,0.0
4BM4,SFT-MFT,2,2025-07-09,0.0,0.0,0.0,0,0,0,0.0
4BM4,SFT-MFT,2,2025-07-16,0.0,0.0,0.0,0,0,0,0.0
4BM4,SFT-MFT,2,2025-07-23,68.2752,24.384,0.35714285714285715,1,1,4,24.384
4BM4,SFT-MFT,2,2025-07-30,0.0,0.0,0.0,0,0,0,0.0
4BM4,SFT-MFT,2,2025-08-06,273.1008,176.784,0.6473214285714286,4,4,27,176.78400000000002
4BM4,SFT-MFT,2,2025-08-13,0.0,0.0,0.0,0,0,0,0.0
4BM4,SFT-MFT,2,2025-08-20,273.1008,97.536,0.35714285714285715,4,4,16,97.536
4BM4,SFT-MFT,2,2025-08-27,273.1008,109.728,0.4017857142857143,4,4,17,109.72800000000001
4BM4,SFT-MFT,2,2025-09-03,273.1008,140.208,0.5133928571428572,4,4,18,140.208
4BM4,SFT-MFT,2,2025-09-10,136.5504,42.672,0.3125,2,2,7,42.672000000000004
4BM4,SFT-MFT,2,2025-09-17,48.768,36.576,0.75,2,2,2,36.576
4BM4,SFT-MFT,2,2025-09-24,273.1008,167.64000000000004,0.6138392857142859,4,4,24,167.64000000000001
4BM4,SFT-MFT,2,2025-10-01,97.536,73.152,0.75,4,4,4,73.152
4BM4,SFT-MFT,2,2025-10-08,1077.7728000000002,942.1368000000002,0.8741515837104072,17,17,98,942.1368
4BM4,SFT-MFT,2,2025-10-15,0.0,0.0,0.0,0,0,0,0.0
4BM4,SFT-MFT,2,2025-10-22,0.0,0.0,0.0,0,0,0,0.0
4BM4,SFT-MFT,2,2025-10-29,0.0,0.0,0.0,0,0,0,0.0
4BM4,SFT-MFT,2,2025-11-05,273.1008,134.112,0.49107142857142855,4,4,17,134.112
4BM4,SFT-MFT,2,2025-11-12,273.1008,170.688,0.625,4,4,22,170.68800000000002
4BM4,SFT-MFT,2,2025-11-19,273.1008,97.536,0.35714285714285715,4,4,16,97.536
4BM4,SFT-MFT,2,2025-11-26,273.1008,195.072,0.7142857142857143,4,4,23,195.072
4BM4,SFT-MFT,2,2025-12-03,419.40479999999997,341.37600000000003,0.8139534883720931,6,6,40,341.37600000000003
4BM4,SFT-MFT,2,2025-12-10,273.1008,207.264,0.7589285714285715,4,4,28,207.264
4BM4,SFT-MFT,2,2025-12-17,273.1008,146.304,0.5357142857142857,4,4,24,146.304
4BM4,SFT-MFT,2,2025-12-24,346.2528,295.9608,0.8547535211267606,5,5,33,295.9608
4BM4,SFT-MFT,2,2025-12-31,273.1008,158.49600000000004,0.580357142857143,4,4,21,158.496
4MB4,MFT-SFT,1,2025-01-01,0.0,0.0,0.0,0,0,0,0.0
4MB4,MFT-SFT,1,2025-01-08,497.43359999999996,420.624,0.8455882352941178,7,7,52,420.624
4MB4,MFT-SFT,1,2025-01-15,497.43359999999996,414.528,0.8333333333333335,7,7,50,414.528
4MB4,MFT-SFT,1,2025-01-22,277.9776,237.744,0.8552631578947368,4,4,30,237.744
4MB4,MFT-SFT,1,2025-01-29,0.0,0.0,0.0,0,0,0,0.0
4MB4,MFT-SFT,1,2025-02-05,351.1296,298.704,0.8506944444444445,5,5,33,298.704
4MB4,MFT-SFT,1,2025-02-12,497.43359999999996,377.952,0.7598039215686275,7,7,47,377.952
4MB4,MFT-SFT,1,2025-02-19,277.9776,219.456,0.7894736842105263,4,4,23,219.45600000000002
4MB4,MFT-SFT,1,2025-02-26,0.0,0.0,0.0,0,0,0,0.0
4MB4,MFT-SFT,1,2025-03-05,68.2752,18.288,0.26785714285714285,1,1,3,18.288
4MB4,MFT-SFT,1,2025-03-12,68.2752,12.192,0.17857142857142858,1,1,2,12.192
4MB4,MFT-SFT,1,2025-03-19,204.8256,91.44000000000001,0.44642857142857145,3,3,15,91.44
4MB4,MFT-SFT,1,2025-03-26,0.0,0.0,0.0,0,0,0,0.0
4MB4,MFT-SFT,1,2025-04-02,0.0,0.0,0.0,0,0,0,0.0
4MB4,MFT-SFT,1,2025-04-09,424.28159999999997,347.47200000000004,0.8189655172413794,6,6,37,347.47200000000004
4MB4,MFT-SFT,1,2025-04-16,424.28159999999997,349.30080000000004,0.8232758620689656,6,6,37,349.30080000000004
4MB4,MFT-SFT,1,2025-04-23,497.43359999999996,384.048,0.7720588235294118,7,7,49,384.048
4MB4,MFT-SFT,1,2025-04-30,0.0,0.0,0.0,0,0,0,0.0
4MB4,MFT-SFT,1,2025-05-07,277.9776,188.976,0.6798245614035088,4,4,18,188.976
4MB4,MFT-SFT,1,2025-05-14,253.59359999999998,176.784,0.6971153846153846,5,5,17,176.78400000000002
4MB4,MFT-SFT,1,2025-05-21,302.36159999999995,268.224,0.8870967741935485,5,5,29,268.224
4MB4,MFT-SFT,1,2025-05-28,277.9776,237.744,0.8552631578947368,4,4,28,237.744
4MB4,MFT-SFT,1,2025-06-04,204.8256,170.688,0.8333333333333333,3,3,19,170.68800000000002
4MB4,MFT-SFT,1,2025-06-11,277.9776,231.648,0.8333333333333334,4,4,27,231.64800000000002
4MB4,MFT-SFT,1,2025-06-18,253.59359999999998,201.168,0.7932692307692308,5,5,22,201.168
4MB4,MFT-SFT,1,2025-06-25,204.8256,146.304,0.7142857142857143,3,3,23,146.304
4MB4,MFT-SFT,1,2025-07-02,0.0,0.0,0.0,0,0,0,0.0
4MB4,MFT-SFT,1,2025-07-09,204.8256,128.01600000000002,0.6250000000000001,3,3,21,128.01600000000002
4MB4,MFT-SFT,1,2025-07-16,229.20959999999997,164.59199999999998,0.7180851063829787,4,4,18,164.592
4MB4,MFT-SFT,1,2025-07-23,229.20959999999997,134.112,0.5851063829787234,4,4,17,134.112
4MB4,MFT-SFT,1,2025-07-30,0.0,0.0,0.0,0,0,0,0.0
4MB4,MFT-SFT,1,2025-08-06,351.1296,292.608,0.8333333333333334,7,7,28,292.608
4MB4,MFT-SFT,1,2025-08-13,351.1296,298.704,0.8506944444444445,5,5,32,298.704
4MB4,MFT-SFT,1,2025-08-20,351.1296,249.936,0.7118055555555556,5,5,33,249.936
4MB4,MFT-SFT,1,2025-08-27,399.89759999999995,316.992,0.7926829268292684,7,7,35,316.992
4MB4,MFT-SFT,1,2025-09-03,399.89759999999995,341.376,0.853658536585366,7,7,40,341.37600000000003
4MB4,MFT-SFT,1,2025-09-10,375.51359999999994,280.416,0.7467532467532468,6,6,30,280.416
4MB4,MFT-SFT,1,2025-09-17,424.28159999999997,329.18399999999997,0.7758620689655172,8,8,34,329.184
4MB4,MFT-SFT,1,2025-09-24,302.36159999999995,274.32000000000005,0.9072580645161293,7,7,73,1115.568
4MB4,MFT-SFT,1,2025-10-01,204.8256,146.304,0.7142857142857143,3,3,24,146.304
4MB4,MFT-SFT,1,2025-10-08,1033.8816000000002,972.0072000000002,0.9401533018867926,17,17,94,1039.0632
4MB4,MFT-SFT,1,2025-10-15,68.2752,18.288,0.26785714285714285,1,1,3,18.288
4MB4,MFT-SFT,1,2025-10-22,0.0,0.0,0.0,0,0,0,0.0
4MB4,MFT-SFT,1,2025-10-29,0.0,0.0,0.0,0,0,0,0.0
4MB4,MFT-SFT,1,2025-11-05,424.28159999999997,347.47200000000004,0.8189655172413794,6,6,38,347.47200000000004
4MB4,MFT-SFT,1,2025-11-12,204.8256,146.304,0.7142857142857143,3,3,19,146.304
4MB4,MFT-SFT,1,2025-11-19,302.36159999999995,268.224,0.8870967741935485,5,5,27,268.224
4MB4,MFT-SFT,1,2025-11-26,424.28159999999997,323.088,0.7614942528735633,6,6,35,323.088
4MB4,MFT-SFT,1,2025-12-03,521.8176,396.23999999999995,0.7593457943925234,8,8,44,396.24
4MB4,MFT-SFT,1,2025-12-10,497.43359999999996,398.0688,0.8002450980392157,7,7,48,398.0688
4MB4,MFT-SFT,1,2025-12-17,326.74559999999997,286.51200000000006,0.8768656716417913,6,6,35,286.512
4MB4,MFT-SFT,1,2025-12-24,497.43359999999996,407.2128,0.8186274509803922,7,7,42,407.2128
4MB4,MFT-SFT,1,2025-12-31,351.1296,262.128,0.7465277777777778,5,5,36,262.128
4MB4,SFT-BFT,2,2025-01-01,0.0,0.0,0.0,0,0,0,0.0
4MB4,SFT-BFT,2,2025-01-08,497.43359999999996,420.624,0.8455882352941178,7,7,52,420.624
4MB4,SFT-BFT,2,2025-01-15,497.43359999999996,414.528,0.8333333333333335,7,7,50,414.528
4MB4,SFT-BFT,2,2025-01-22,277.9776,237.744,0.8552631578947368,4,4,30,237.744
4MB4,SFT-BFT,2,2025-01-29,0.0,0.0,0.0,0,0,0,0.0
4MB4,SFT-BFT,2,2025-02-05,351.1296,298.704,0.8506944444444445,5,5,33,298.704
4MB4,SFT-BFT,2,2025-02-12,497.43359999999996,377.952,0.7598039215686275,7,7,47,377.952
4MB4,SFT-BFT,2,2025-02-19,277.9776,219.456,0.7894736842105263,4,4,23,219.45600000000002
4MB4,SFT-BFT,2,2025-02-26,0.0,0.0,0.0,0,0,0,0.0
4MB4,SFT-BFT,2,2025-03-05,68.2752,18.288,0.26785714285714285,1,1,3,18.288
4MB4,SFT-BFT,2,2025-03-12,68.2752,12.192,0.17857142857142858,1,1,2,12.192
4MB4,SFT-BFT,2,2025-03-19,204.8256,91.44000000000001,0.44642857142857145,3,3,15,91.44
4MB4,SFT-BFT,2,2025-03-26,0.0,0.0,0.0,0,0,0,0.0
4MB4,SFT-BFT,2,2025-04-02,0.0,0.0,0.0,0,0,0,0.0
4MB4,SFT-BFT,2,2025-04-09,424.28159999999997,347.47200000000004,0.8189655172413794,6,6,37,347.47200000000004
4MB4,SFT-BFT,2,2025-04-16,424.28159999999997,349.30080000000004,0.8232758620689656,6,6,37,349.30080000000004
4MB4,SFT-BFT,2,2025-04-23,497.43359999999996,384.048,0.7720588235294118,7,7,49,384.048
4MB4,SFT-BFT,2,2025-04-30,0.0,0.0,0.0,0,0,0,0.0
4MB4,SFT-BFT,2,2025-05-07,277.9776,188.976,0.6798245614035088,4,4,18,188.976
4MB4,SFT-BFT,2,2025-05-14,253.59359999999998,176.784,0.6971153846153846,5,5,17,176.78400000000002
4MB4,SFT-BFT,2,2025-05-21,302.36159999999995,268.224,0.8870967741935485,5,5,29,268.224
4MB4,SFT-BFT,2,2025-05-28,277.9776,237.744,0.8552631578947368,4,4,28,237.744
4MB4,SFT-BFT,2,2025-06-04,204.8256,170.688,0.8333333333333333,3,3,19,170.68800000000002
4MB4,SFT-BFT,2,2025-06-11,277.9776,231.648,0.8333333333333334,4,4,27,231.64800000000002
4MB4,SFT-BFT,2,2025-06-18,253.59359999999998,201.168,0.7932692307692308,5,5,22,201.168
4MB4,SFT-BFT,2,2025-06-25,204.8256,146.304,0.7142857142857143,3,3,23,146.304
4MB4,SFT-BFT,2,2025-07-02,0.0,0.0,0.0,0,0,0,0.0
4MB4,SFT-BFT,2,2025-07-09,204.8256,128.01600000000002,0.6250000000000001,3,3,21,128.01600000000002
4MB4,SFT-BFT,2,2025-07-16,229.20959999999997,164.59199999999998,0.7180851063829787,4,4,18,164.592
4MB4,SFT-BFT,2,2025-07-23,229.20959999999997,134.112,0.5851063829787234,4,4,17,134.112
4MB4,SFT-BFT,2,2025-07-30,0.0,0.0,0.0,0,0,0,0.0
4MB4,SFT-BFT,2,2025-08-06,351.1296,292.608,0.8333333333333334,7,7,28,292.608
4MB4,SFT-BFT,2,2025-08-13,351.1296,298.704,0.8506944444444445,5,5,32,298.704
4MB4,SFT-BFT,2,2025-08-20,351.1296,249.936,0.7118055555555556,5,5,33,249.936
4MB4,SFT-BFT,2,2025-08-27,399.89759999999995,316.992,0.7926829268292684,7,7,35,316.992
4MB4,SFT-BFT,2,2025-09-03,399.89759999999995,341.376,0.853658536585366,7,7,40,341.37600000000003
4MB4,SFT-BFT,2,2025-09-10,375.51359999999994,280.416,0.7467532467532468,6,6,30,280.416
4MB4,SFT-BFT,2,2025-09-17,424.28159999999997,329.18399999999997,0.7758620689655172,8,8,34,329.184
4MB4,SFT-BFT,2,2025-09-24,302.36159999999995,274.32000000000005,0.9072580645161293,7,7,73,1115.568
4MB4,SFT-BFT,2,2025-10-01,204.8256,146.304,0.7142857142857143,3,3,24,146.304
4MB4,SFT-BFT,2,2025-10-08,1033.8816000000002,972.0072000000002,0.9401533018867926,17,17,94,1039.0632
4MB4,SFT-BFT,2,2025-10-15,68.2752,18.288,0.26785714285714285,1,1,3,18.288
4MB4,SFT-BFT,2,2025-10-22,0.0,0.0,0.0,0,0,0,0.0
4MB4,SFT-BFT,2,2025-10-29,0.0,0.0,0.0,0,0,0,0.0
4MB4,SFT-BFT,2,2025-11-05,424.28159999999997,347.47200000000004,0.8189655172413794,6,6,38,347.47200000000004
4MB4,SFT-BFT,2,2025-11-12,204.8256,146.304,0.7142857142857143,3,3,19,146.304
4MB4,SFT-BFT,2,2025-11-19,302.36159999999995,268.224,0.8870967741935485,5,5,27,268.224
4MB4,SFT-BFT,2,2025-11-26,424.28159999999997,323.088,0.7614942528735633,6,6,35,323.088
4MB4,SFT-BFT,2,2025-12-03,521.8176,396.23999999999995,0.7593457943925234,8,8,44,396.24
4MB4,SFT-BFT,2,2025-12-10,497.43359999999996,398.0688,0.8002450980392157,7,7,48,398.0688
4MB4,SFT-BFT,2,2025-12-17,326.74559999999997,286.51200000000006,0.8768656716417913,6,6,35,286.512
4MB4,SFT-BFT,2,2025-12-24,497.43359999999996,407.2128,0.8186274509803922,7,7,42,407.2128
4MB4,SFT-BFT,2,2025-12-31,351.1296,262.128,0.7465277777777778,5,5,36,262.128
5BM4,BFT-SFT,1,2025-01-02,0.0,0.0,0.0,0,0,0,0.0
5BM4,BFT-SFT,1,2025-01-09,346.2528,298.704,0.8626760563380282,5,5,41,298.704
5BM4,BFT-SFT,1,2025-01-16,419.40479999999997,365.76,0.872093023255814,6,6,42,365.76
5BM4,BFT-SFT,1,2025-01-23,273.1008,158.49600000000004,0.580357142857143,4,4,22,158.496
5BM4,BFT-SFT,1,2025-01-30,0.0,0.0,0.0,0,0,0,0.0
5BM4,BFT-SFT,1,2025-02-06,273.1008,97.536,0.35714285714285715,4,4,15,97.536
5BM4,BFT-SFT,1,2025-02-13,204.8256,54.864000000000004,0.26785714285714285,3,3,9,54.864000000000004
5BM4,BFT-SFT,1,2025-02-20,273.1008,128.01600000000002,0.4687500000000001,4,4,19,128.01600000000002
5BM4,BFT-SFT,1,2025-02-27,0.0,0.0,0.0,0,0,0,0.0
5BM4,BFT-SFT,1,2025-03-06,0.0,0.0,0.0,0,0,0,0.0
5BM4,BFT-SFT,1,2025-03-13,0.0,0.0,0.0,0,0,0,0.0
5BM4,BFT-SFT,1,2025-03-20,0.0,0.0,0.0,0,0,0,0.0
5BM4,BFT-SFT,1,2025-03-27,0.0,0.0,0.0,0,0,0,0.0
5BM4,BFT-SFT,1,2025-04-03,273.1008,231.648,0.8482142857142857,4,4,30,231.64800000000002
5BM4,BFT-SFT,1,2025-04-10,346.2528,286.512,0.8274647887323944,5,5,29,286.512
5BM4,BFT-SFT,1,2025-04-17,273.1008,79.248,0.29017857142857145,4,4,13,79.248
5BM4,BFT-SFT,1,2025-04-24,0.0,0.0,0.0,0,0,0,0.0
5BM4,BFT-SFT,1,2025-05-01,0.0,0.0,0.0,0,0,0,0.0
5BM4,BFT-SFT,1,2025-05-08,273.1008,128.01600000000002,0.4687500000000001,4,4,18,128.01600000000002
5BM4,BFT-SFT,1,2025-05-15,68.2752,24.384,0.35714285714285715,1,1,4,24.384
5BM4,BFT-SFT,1,2025-05-22,0.0,0.0,0.0,0,0,0,0.0
5BM4,BFT-SFT,1,2025-05-29,0.0,0.0,0.0,0,0,0,0.0
5BM4,BFT-SFT,1,2025-06-05,136.5504,48.768,0.35714285714285715,2,2,8,48.768
5BM4,BFT-SFT,1,2025-06-12,204.8256,60.96,0.2976190476190476,3,3,10,60.96
5BM4,BFT-SFT,1,2025-06-19,204.8256,54.864000000000004,0.26785714285714285,3,3,9,54.864000000000004
5BM4,BFT-SFT,1,2025-06-26,68.2752,24.384,0.35714285714285715,1,1,4,24.384
5BM4,BFT-SFT,1,2025-07-03,204.8256,54.864000000000004,0.26785714285714285,3,3,9,54.864000000000004
5BM4,BFT-SFT,1,2025-07-10,0.0,0.0,0.0,0,0,0,0.0
5BM4,BFT-SFT,1,2025-07-17,24.384,18.288,0.75,1,1,1,18.288
5BM4,BFT-SFT,1,2025-07-24,0.0,0.0,0.0,0,0,0,0.0
5BM4,BFT-SFT,1,2025-07-31,0.0,0.0,0.0,0,0,0,0.0
5BM4,BFT-SFT,1,2025-08-07,321.86879999999996,195.072,0.6060606060606062,6,6,24,195.072
5BM4,BFT-SFT,1,2025-08-14,273.1008,134.112,0.49107142857142855,4,4,18,134.112
5BM4,BFT-SFT,1,2025-08-21,273.1008,121.92,0.44642857142857145,4,4,16,121.92
5BM4,BFT-SFT,1,2025-08-28,273.1008,91.44,0.33482142857142855,4,4,15,91.44
5BM4,BFT-SFT,1,2025-09-04,0.0,0.0,0.0,0,0,0,0.0
5BM4,BFT-SFT,1,2025-09-11,97.536,97.536,1.0,4,4,9,115.82400000000001
5BM4,BFT-SFT,1,2025-09-18,160.93439999999998,73.152,0.4545454545454546,3,3,10,73.152
5BM4,BFT-SFT,1,2025-09-25,297.48479999999995,231.648,0.778688524590164,5,5,27,231.64800000000002
5BM4,BFT-SFT,1,2025-10-02,24.384,18.288,0.75,1,1,1,18.288
5BM4,BFT-SFT,1,2025-10-09,0.0,0.0,0.0,0,0,0,0.0
5BM4,BFT-SFT,1,2025-10-16,0.0,0.0,0.0,0,0,0,0.0
5BM4,BFT-SFT,1,2025-10-23,0.0,0.0,0.0,0,0,0,0.0
5BM4,BFT-SFT,1,2025-10-30,0.0,0.0,0.0,0,0,0,0.0
5BM4,BFT-SFT,1,2025-11-06,321.86879999999996,274.32000000000005,0.8522727272727275,6,6,26,274.32
5BM4,BFT-SFT,1,2025-11-13,273.1008,182.88,0.6696428571428571,4,4,23,182.88
5BM4,BFT-SFT,1,2025-11-20,273.1008,195.072,0.7142857142857143,4,4,23,195.072
5BM4,BFT-SFT,1,2025-11-27,273.1008,243.84,0.8928571428571429,4,4,28,243.84
5BM4,BFT-SFT,1,2025-12-04,370.63679999999994,280.416,0.7565789473684211,6,6,29,280.416
5BM4,BFT-SFT,1,2025-12-11,273.1008,91.44,0.33482142857142855,4,4,14,91.44
5BM4,BFT-SFT,1,2025-12-18,346.2528,301.4472,0.8705985915492959,5,5,29,301.4472
5BM4,BFT-SFT,1,2025-12-25,346.2528,304.8,0.8802816901408451,5,5,41,304.8
5BM4,SFT-MFT,2,2025-01-02,0.0,0.0,0.0,0,0,0,0.0
5BM4,SFT-MFT,2,2025-01-09,346.2528,298.704,0.8626760563380282,5,5,41,298.704
5BM4,SFT-MFT,2,2025-01-16,419.40479999999997,365.76,0.872093023255814,6,6,42,365.76
5BM4,SFT-MFT,2,2025-01-23,273.1008,158.49600000000004,0.580357142857143,4,4,22,158.496
5BM4,SFT-MFT,2,2025-01-30,0.0,0.0,0.0,0,0,0,0.0
5BM4,SFT-MFT,2,2025-02-06,273.1008,97.536,0.35714285714285715,4,4,15,97.536
5BM4,SFT-MFT,2,2025-02-13,204.8256,54.864000000000004,0.26785714285714285,3,3,9,54.864000000000004
5BM4,SFT-MFT,2,2025-02-20,273.1008,128.01600000000002,0.4687500000000001,4,4,19,128.01600000000002
5BM4,SFT-MFT,2,2025-02-27,0.0,0.0,0.0,0,0,0,0.0
5BM4,SFT-MFT,2,2025-03-06,0.0,0.0,0.0,0,0,0,0.0
5BM4,SFT-MFT,2,2025-03-13,0.0,0.0,0.0,0,0,0,0.0
5BM4,SFT-MFT,2,2025-03-20,0.0,0.0,0.0,0,0,0,0.0
5BM4,SFT-MFT,2,2025-03-27,0.0,0.0,0.0,0,0,0,0.0
5BM4,SFT-MFT,2,2025-04-03,273.1008,231.648,0.8482142857142857,4,4,30,231.64800000000002
5BM4,SFT-MFT,2,2025-04-10,346.2528,286.512,0.8274647887323944,5,5,29,286.512
5BM4,SFT-MFT,2,2025-04-17,273.1008,79.248,0.29017857142857145,4,4,13,79.248
5BM4,SFT-MFT,2,2025-04-24,0.0,0.0,0.0,0,0,0,0.0
5BM4,SFT-MFT,2,2025-05-01,0.0,0.0,0.0,0,0,0,0.0
5BM4,SFT-MFT,2,2025-05-08,273.1008,128.01600000000002,0.4687500000000001,4,4,18,128.01600000000002
5BM4,SFT-MFT,2,2025-05-15,68.2752,24.384,0.35714285714285715,1,1,4,24.384
5BM4,SFT-MFT,2,2025-05-22,0.0,0.0,0.0,0,0,0,0.0
5BM4,SFT-MFT,2,2025-05-29,0.0,0.0,0.0,0,0,0,0.0
5BM4,SFT-MFT,2,2025-06-05,136.5504,48.768,0.35714285714285715,2,2,8,48.768
5BM4,SFT-MFT,2,2025-06-12,204.8256,60.96,0.2976190476190476,3,3,10,60.96
5BM4,SFT-MFT,2,2025-06-19,204.8256,54.864000000000004,0.26785714285714285,3,3,9,54.864000000000004
5BM4,SFT-MFT,2,2025-06-26,68.2752,24.384,0.35714285714285715,1,1,4,24.384
5BM4,SFT-MFT,2,2025-07-03,204.8256,54.864000000000004,0.26785714285714285,3,3,9,54.864000000000004
5BM4,SFT-MFT,2,2025-07-10,0.0,0.0,0.0,0,0,0,0.0
5BM4,SFT-MFT,2,2025-07-17,24.384,18.288,0.75,1,1,1,18.288
5BM4,SFT-MFT,2,2025-07-24,0.0,0.0,0.0,0,0,0,0.0
5BM4,SFT-MFT,2,2025-07-31,0.0,0.0,0.0,0,0,0,0.0
5BM4,SFT-MFT,2,2025-08-07,321.86879999999996,195.072,0.6060606060606062,6,6,24,195.072
5BM4,SFT-MFT,2,2025-08-14,273.1008,134.112,0.49107142857142855,4,4,18,134.112
5BM4,SFT-MFT,2,2025-08-21,273.1008,121.92,0.44642857142857145,4,4,16,121.92
5BM4,SFT-MFT,2,2025-08-28,273.1008,91.44,0.33482142857142855,4,4,15,91.44
5BM4,SFT-MFT,2,2025-09-04,0.0,0.0,0.0,0,0,0,0.0
5BM4,SFT-MFT,2,2025-09-11,97.536,97.536,1.0,4,4,9,115.82400000000001
5BM4,SFT-MFT,2,2025-09-18,160.93439999999998,73.152,0.4545454545454546,3,3,10,73.152
5BM4,SFT-MFT,2,2025-09-25,297.48479999999995,231.648,0.778688524590164,5,5,27,231.64800000000002
5BM4,SFT-MFT,2,2025-10-02,24.384,18.288,0.75,1,1,1,18.288
5BM4,SFT-MFT,2,2025-10-09,0.0,0.0,0.0,0,0,0,0.0
5BM4,SFT-MFT,2,2025-10-16,0.0,0.0,0.0,0,0,0,0.0
5BM4,SFT-MFT,2,2025-10-23,0.0,0.0,0.0,0,0,0,0.0
5BM4,SFT-MFT,2,2025-10-30,0.0,0.0,0.0,0,0,0,0.0
5BM4,SFT-MFT,2,2025-11-06,321.86879999999996,274.32000000000005,0.8522727272727275,6,6,26,274.32
5BM4,SFT-MFT,2,2025-11-13,273.1008,182.88,0.6696428571428571,4,4,23,182.88
5BM4,SFT-MFT,2,2025-11-20,273.1008,195.072,0.7142857142857143,4,4,23,195.072
5BM4,SFT-MFT,2,2025-11-27,273.1008,243.84,0.8928571428571429,4,4,28,243.84
5BM4,SFT-MFT,2,2025-12-04,370.63679999999994,280.416,0.7565789473684211,6,6,29,280.416
5BM4,SFT-MFT,2,2025-12-11,273.1008,91.44,0.33482142857142855,4,4,14,91.44
5BM4,SFT-MFT,2,2025-12-18,346.2528,301.4472,0.8705985915492959,5,5,29,301.4472
5BM4,SFT-MFT,2,2025-12-25,346.2528,304.8,0.8802816901408451,5,5,41,304.8
5MB4,MFT-SFT,1,2025-01-02,0.0,0.0,0.0,0,0,0,0.0
5MB4,MFT-SFT,1,2025-01-09,341.376,213.36,0.6250000000000001,5,5,39,286.512
5MB4,MFT-SFT,1,2025-01-16,341.376,280.416,0.8214285714285715,5,5,47,316.992
5MB4,MFT-SFT,1,2025-01-23,414.52799999999996,323.088,0.7794117647058825,6,6,52,377.952
5MB4,MFT-SFT,1,2025-01-30,0.0,0.0,0.0,0,0,0,0.0
5MB4,MFT-SFT,1,2025-02-06,341.376,103.632,0.3035714285714286,5,5,20,158.496
5MB4,MFT-SFT,1,2025-02-13,341.376,182.88000000000005,0.5357142857142859,5,5,30,182.88
5MB4,MFT-SFT,1,2025-02-20,341.376,109.72800000000001,0.32142857142857145,5,5,18,109.72800000000001
5MB4,MFT-SFT,1,2025-02-27,0.0,0.0,0.0,0,0,0,0.0
5MB4,MFT-SFT,1,2025-03-06,0.0,0.0,0.0,0,0,0,0.0
5MB4,MFT-SFT,1,2025-03-13,0.0,0.0,0.0,0,0,2,36.576
5MB4,MFT-SFT,1,2025-03-20,0.0,0.0,0.0,0,0,1,18.288
5MB4,MFT-SFT,1,2025-03-27,0.0,0.0,0.0,0,0,0,0.0
5MB4,MFT-SFT,1,2025-04-03,341.376,164.59199999999998,0.48214285714285715,5,5,27,164.592
5MB4,MFT-SFT,1,2025-04-10,341.376,164.59199999999998,0.48214285714285715,5,5,27,164.592
5MB4,MFT-SFT,1,2025-04-17,341.376,219.45600000000002,0.6428571428571429,5,5,30,256.03200000000004
5MB4,MFT-SFT,1,2025-04-24,0.0,0.0,0.0,0,0,0,0.0
5MB4,MFT-SFT,1,2025-05-01,0.0,0.0,0.0,0,0,0,0.0
5MB4,MFT-SFT,1,2025-05-08,204.8256,54.864000000000004,0.26785714285714285,3,3,9,54.864000000000004
5MB4,MFT-SFT,1,2025-05-15,204.8256,54.864000000000004,0.26785714285714285,3,3,11,91.44
5MB4,MFT-SFT,1,2025-05-22,68.2752,6.096,0.08928571428571429,1,1,3,42.672000000000004
5MB4,MFT-SFT,1,2025-05-29,0.0,0.0,0.0,0,0,2,36.576
5MB4,MFT-SFT,1,2025-06-05,0.0,0.0,0.0,0,0,6,109.72800000000001
5MB4,MFT-SFT,1,2025-06-12,68.2752,6.096,0.08928571428571429,1,1,1,6.096
5MB4,MFT-SFT,1,2025-06-19,136.5504,42.672,0.3125,2,2,9,79.248
5MB4,MFT-SFT,1,2025-06-26,273.1008,85.344,0.3125,4,4,15,103.632
5MB4,MFT-SFT,1,2025-07-03,0.0,0.0,0.0,0,0,3,54.864000000000004
5MB4,MFT-SFT,1,2025-07-10,0.0,0.0,0.0,0,0,2,36.576
5MB4,MFT-SFT,1,2025-07-17,68.2752,24.384,0.35714285714285715,1,1,6,60.96
5MB4,MFT-SFT,1,2025-07-24,0.0,0.0,0.0,0,0,4,73.152
5MB4,MFT-SFT,1,2025-07-31,0.0,0.0,0.0,0,0,1,18.288
5MB4,MFT-SFT,1,2025-08-07,1153.6680000000001,975.3600000000002,0.8454425363276091,16,16,4554,55363.872
5MB4,MFT-SFT,1,2025-08-14,0.0,0.0,0.0,0,0,0,0.0
5MB4,MFT-SFT,1,2025-08-21,136.5504,30.48,0.22321428571428573,2,2,9,103.632
5MB4,MFT-SFT,1,2025-08-28,341.376,103.632,0.3035714285714286,5,5,19,140.208
5MB4,MFT-SFT,1,2025-09-04,273.1008,85.344,0.3125,4,4,15,103.632
5MB4,MFT-SFT,1,2025-09-11,341.376,115.824,0.3392857142857143,5,5,24,207.264
5MB4,MFT-SFT,1,2025-09-18,204.8256,54.864000000000004,0.26785714285714285,3,3,9,54.864000000000004
5MB4,MFT-SFT,1,2025-09-25,0.0,0.0,0.0,0,0,4,73.152
5MB4,MFT-SFT,1,2025-10-02,0.0,0.0,0.0,0,0,0,0.0
5MB4,MFT-SFT,1,2025-10-09,0.0,0.0,0.0,0,0,7,128.01600000000002
5MB4,MFT-SFT,1,2025-10-16,0.0,0.0,0.0,0,0,2,36.576
5MB4,MFT-SFT,1,2025-10-23,0.0,0.0,0.0,0,0,0,0.0
5MB4,MFT-SFT,1,2025-10-30,0.0,0.0,0.0,0,0,3,54.864000000000004
5MB4,MFT-SFT,1,2025-11-06,341.376,170.688,0.5,5,5,32,280.416
5MB4,MFT-SFT,1,2025-11-13,341.376,280.416,0.8214285714285715,5,5,42,353.56800000000004
5MB4,MFT-SFT,1,2025-11-20,341.376,262.128,0.7678571428571429,5,5,44,316.992
5MB4,MFT-SFT,1,2025-11-27,341.376,188.97600000000006,0.5535714285714288,5,5,33,225.55200000000002
5MB4,MFT-SFT,1,2025-12-04,414.52799999999996,365.76,0.8823529411764707,6,6,49,365.76
5MB4,MFT-SFT,1,2025-12-11,341.376,262.128,0.7678571428571429,5,5,42,316.992
5MB4,MFT-SFT,1,2025-12-18,341.376,213.36,0.6250000000000001,5,5,32,213.36
5MB4,MFT-SFT,1,2025-12-25,341.376,195.072,0.5714285714285715,5,5,38,304.8
5MB4,SFT-BFT,2,2025-01-02,0.0,0.0,0.0,0,0,0,0.0
5MB4,SFT-BFT,2,2025-01-09,341.376,213.36,0.6250000000000001,5,5,39,286.512
5MB4,SFT-BFT,2,2025-01-16,341.376,280.416,0.8214285714285715,5,5,47,316.992
5MB4,SFT-BFT,2,2025-01-23,414.52799999999996,323.088,0.7794117647058825,6,6,52,377.952
5MB4,SFT-BFT,2,2025-01-30,0.0,0.0,0.0,0,0,0,0.0
5MB4,SFT-BFT,2,2025-02-06,341.376,103.632,0.3035714285714286,5,5,20,158.496
5MB4,SFT-BFT,2,2025-02-13,341.376,182.88000000000005,0.5357142857142859,5,5,30,182.88
5MB4,SFT-BFT,2,2025-02-20,341.376,109.72800000000001,0.32142857142857145,5,5,18,109.72800000000001
5MB4,SFT-BFT,2,2025-02-27,0.0,0.0,0.0,0,0,0,0.0
5MB4,SFT-BFT,2,2025-03-06,0.0,0.0,0.0,0,0,0,0.0
5MB4,SFT-BFT,2,2025-03-13,0.0,0.0,0.0,0,0,2,36.576
5MB4,SFT-BFT,2,2025-03-20,0.0,0.0,0.0,0,0,1,18.288
5MB4,SFT-BFT,2,2025-03-27,0.0,0.0,0.0,0,0,0,0.0
5MB4,SFT-BFT,2,2025-04-03,341.376,164.59199999999998,0.48214285714285715,5,5,27,164.592
5MB4,SFT-BFT,2,2025-04-10,341.376,164.59199999999998,0.48214285714285715,5,5,27,164.592
5MB4,SFT-BFT,2,2025-04-17,341.376,219.45600000000002,0.6428571428571429,5,5,30,256.03200000000004
5MB4,SFT-BFT,2,2025-04-24,0.0,0.0,0.0,0,0,0,0.0
5MB4,SFT-BFT,2,2025-05-01,0.0,0.0,0.0,0,0,0,0.0
5MB4,SFT-BFT,2,2025-05-08,204.8256,54.864000000000004,0.26785714285714285,3,3,9,54.864000000000004
5MB4,SFT-BFT,2,2025-05-15,204.8256,54.864000000000004,0.26785714285714285,3,3,11,91.44
5MB4,SFT-BFT,2,2025-05-22,68.2752,6.096,0.08928571428571429,1,1,3,42.672000000000004
5MB4,SFT-BFT,2,2025-05-29,0.0,0.0,0.0,0,0,2,36.576
5MB4,SFT-BFT,2,2025-06-05,0.0,0.0,0.0,0,0,6,109.72800000000001
5MB4,SFT-BFT,2,2025-06-12,68.2752,6.096,0.08928571428571429,1,1,1,6.096
5MB4,SFT-BFT,2,2025-06-19,136.5504,42.672,0.3125,2,2,9,79.248
5MB4,SFT-BFT,2,2025-06-26,273.1008,85.344,0.3125,4,4,15,103.632
5MB4,SFT-BFT,2,2025-07-03,0.0,0.0,0.0,0,0,3,54.864000000000004
5MB4,SFT-BFT,2,2025-07-10,0.0,0.0,0.0,0,0,2,36.576
5MB4,SFT-BFT,2,2025-07-17,68.2752,24.384,0.35714285714285715,1,1,6,60.96
5MB4,SFT-BFT,2,2025-07-24,0.0,0.0,0.0,0,0,4,73.152
5MB4,SFT-BFT,2,2025-07-31,0.0,0.0,0.0,0,0,1,18.288
5MB4,SFT-BFT,2,2025-08-07,1153.6680000000001,975.3600000000002,0.8454425363276091,16,16,4554,55363.872
5MB4,SFT-BFT,2,2025-08-14,0.0,0.0,0.0,0,0,0,0.0
5MB4,SFT-BFT,2,2025-08-21,136.5504,30.48,0.22321428571428573,2,2,9,103.632
5MB4,SFT-BFT,2,2025-08-28,341.376,103.632,0.3035714285714286,5,5,19,140.208
5MB4,SFT-BFT,2,2025-09-04,273.1008,85.344,0.3125,4,4,15,103.632
5MB4,SFT-BFT,2,2025-09-11,341.376,115.824,0.3392857142857143,5,5,24,207.264
5MB4,SFT-BFT,2,2025-09-18,204.8256,54.864000000000004,0.26785714285714285,3,3,9,54.864000000000004
5MB4,SFT-BFT,2,2025-09-25,0.0,0.0,0.0,0,0,4,73.152
5MB4,SFT-BFT,2,2025-10-02,0.0,0.0,0.0,0,0,0,0.0
5MB4,SFT-BFT,2,2025-10-09,0.0,0.0,0.0,0,0,7,128.01600000000002
5MB4,SFT-BFT,2,2025-10-16,0.0,0.0,0.0,0,0,2,36.576
5MB4,SFT-BFT,2,2025-10-23,0.0,0.0,0.0,0,0,0,0.0
5MB4,SFT-BFT,2,2025-10-30,0.0,0.0,0.0,0,0,3,54.864000000000004
5MB4,SFT-BFT,2,2025-11-06,341.376,170.688,0.5,5,5,32,280.416
5MB4,SFT-BFT,2,2025-11-13,341.376,280.416,0.8214285714285715,5,5,42,353.56800000000004
5MB4,SFT-BFT,2,2025-11-20,341.376,262.128,0.7678571428571429,5,5,44,316.992
5MB4,SFT-BFT,2,2025-11-27,341.376,188.97600000000006,0.5535714285714288,5,5,33,225.55200000000002
5MB4,SFT-BFT,2,2025-12-04,414.52799999999996,365.76,0.8823529411764707,6,6,49,365.76
5MB4,SFT-BFT,2,2025-12-11,341.376,262.128,0.7678571428571429,5,5,42,316.992
5MB4,SFT-BFT,2,2025-12-18,341.376,213.36,0.6250000000000001,5,5,32,213.36
5MB4,SFT-BFT,2,2025-12-25,341.376,195.072,0.5714285714285715,5,5,38,304.8
6BM4,BFT-SFT,1,2025-01-17,807.4152,737.3112000000001,0.9131747829369574,14,14,77,737.3112
6BM4,BFT-SFT,1,2025-01-24,555.9552,494.38559999999995,0.8892543859649122,8,8,51,494.3856
6BM4,BFT-SFT,1,2025-01-31,709.8792000000001,669.0360000000001,0.9424645770717046,10,10,57,669.0360000000001
6BM4,BFT-SFT,1,2025-02-07,555.9552,487.67999999999995,0.8771929824561403,8,8,51,487.68
6BM4,BFT-SFT,1,2025-02-14,807.4152,785.1648000000001,0.9724424311060779,14,14,142,1750.7712000000001
6BM4,BFT-SFT,1,2025-02-21,807.4152,766.2672,0.9490373725934315,14,14,106,1229.5632
6BM4,BFT-SFT,1,2025-02-28,807.4152,785.1648000000001,0.9724424311060779,14,14,149,1731.8736000000001
6BM4,BFT-SFT,1,2025-03-07,807.4152,777.24,0.9626274065685164,14,14,105,1173.48
6BM4,BFT-SFT,1,2025-03-14,807.4152,707.1360000000001,0.8758021895054738,14,14,95,1121.664
6BM4,BFT-SFT,1,2025-03-21,807.4152,694.9440000000001,0.8607021517553795,14,14,78,694.9440000000001
6BM4,BFT-SFT,1,2025-03-28,807.4152,707.1360000000001,0.8758021895054738,14,14,173,1286.256
6BM4,BFT-SFT,1,2025-04-11,807.4152,785.1648000000001,0.9724424311060779,14,14,640,5905.1952
6BM4,BFT-SFT,1,2025-04-18,0.0,0.0,0.0,0,0,0,0.0
6BM4,BFT-SFT,1,2025-04-25,0.0,0.0,0.0,0,0,0,0.0
6BM4,BFT-SFT,1,2025-05-09,0.0,0.0,0.0,0,0,0,0.0
6BM4,BFT-SFT,1,2025-05-16,409.65119999999996,309.372,0.7552083333333335,6,6,32,309.372
6BM4,BFT-SFT,1,2025-05-23,409.65119999999996,323.3928,0.789434523809524,6,6,35,323.3928
6BM4,BFT-SFT,1,2025-05-30,409.65119999999996,356.3112,0.8697916666666667,6,6,38,356.31120000000004
6BM4,BFT-SFT,1,2025-06-06,0.0,0.0,0.0,0,0,0,0.0
6BM4,BFT-SFT,1,2025-06-13,0.0,0.0,0.0,0,0,0,0.0
6BM4,BFT-SFT,1,2025-06-20,0.0,0.0,0.0,0,0,0,0.0
6BM4,BFT-SFT,1,2025-06-27,409.65119999999996,213.96960000000007,0.5223214285714288,6,6,26,213.9696
6BM4,BFT-SFT,1,2025-07-11,409.65119999999996,280.416,0.6845238095238095,6,6,31,280.416
6BM4,BFT-SFT,1,2025-07-18,807.4152,707.1360000000001,0.8758021895054738,14,14,334,2066.5440000000003
6BM4,BFT-SFT,1,2025-07-25,409.65119999999996,204.21600000000007,0.498511904761905,6,6,22,204.216
6BM4,BFT-SFT,1,2025-08-15,0.0,0.0,0.0,0,0,0,0.0
6BM4,BFT-SFT,1,2025-08-22,482.80319999999995,443.7887999999999,0.9191919191919191,7,7,43,443.78880000000004
6BM4,BFT-SFT,1,2025-08-29,482.80319999999995,394.41119999999995,0.8169191919191919,7,7,36,394.4112
6BM4,BFT-SFT,1,2025-09-05,0.0,0.0,0.0,0,0,0,0.0
6BM4,BFT-SFT,1,2025-09-12,482.80319999999995,403.85999999999996,0.836489898989899,7,7,40,403.86
6BM4,BFT-SFT,1,2025-09-19,0.0,0.0,0.0,0,0,0,0.0
6BM4,BFT-SFT,1,2025-09-26,807.4152,794.3088,0.9837674594186485,14,14,176,1697.4312
6BM4,BFT-SFT,1,2025-10-10,807.4152,785.1648000000001,0.9724424311060779,14,14,165,1729.4352000000001
6BM4,BFT-SFT,1,2025-10-17,341.376,134.7216,0.39464285714285713,5,5,21,134.7216
6BM4,BFT-SFT,1,2025-10-24,409.65119999999996,229.81920000000002,0.5610119047619049,6,6,23,229.81920000000002
6BM4,BFT-SFT,1,2025-10-31,0.0,0.0,0.0,0,0,0,0.0
6BM4,BFT-SFT,1,2025-11-14,629.1072,509.01599999999996,0.8091085271317828,9,9,50,509.016
6BM4,BFT-SFT,1,2025-11-28,555.9552,466.34399999999994,0.8388157894736841,8,8,52,466.34400000000005
6BM4,BFT-SFT,1,2025-12-12,629.1072,534.6192,0.8498062015503876,9,9,48,534.6192
6BM4,BFT-SFT,1,2025-12-19,629.1072,561.4416,0.8924418604651162,9,9,57,561.4416
6BM4,BFT-SFT,1,2025-12-26,629.1072,545.592,0.8672480620155038,9,9,55,545.592
6BM4,SFT-ETT,2,2025-01-17,807.4152,737.3112000000001,0.9131747829369574,14,14,77,737.3112
6BM4,SFT-ETT,2,2025-01-24,555.9552,494.38559999999995,0.8892543859649122,8,8,51,494.3856
6BM4,SFT-ETT,2,2025-01-31,709.8792000000001,669.0360000000001,0.9424645770717046,10,10,57,669.0360000000001
6BM4,SFT-ETT,2,2025-02-07,555.9552,487.67999999999995,0.8771929824561403,8,8,51,487.68
6BM4,SFT-ETT,2,2025-02-14,807.4152,785.1648000000001,0.9724424311060779,14,14,142,1750.7712000000001
6BM4,SFT-ETT,2,2025-02-21,807.4152,766.2672,0.9490373725934315,14,14,106,1229.5632
6BM4,SFT-ETT,2,2025-02-28,807.4152,785.1648000000001,0.9724424311060779,14,14,149,1731.8736000000001
6BM4,SFT-ETT,2,2025-03-07,807.4152,777.24,0.9626274065685164,14,14,105,1173.48
6BM4,SFT-ETT,2,2025-03-14,807.4152,707.1360000000001,0.8758021895054738,14,14,95,1121.664
6BM4,SFT-ETT,2,2025-03-21,807.4152,694.9440000000001,0.8607021517553795,14,14,78,694.9440000000001
6BM4,SFT-ETT,2,2025-03-28,807.4152,707.1360000000001,0.8758021895054738,14,14,173,1286.256
6BM4,SFT-ETT,2,2025-04-11,807.4152,785.1648000000001,0.9724424311060779,14,14,640,5905.1952
6BM4,SFT-ETT,2,2025-04-18,0.0,0.0,0.0,0,0,0,0.0
6BM4,SFT-ETT,2,2025-04-25,0.0,0.0,0.0,0,0,0,0.0
6BM4,SFT-ETT,2,2025-05-09,0.0,0.0,0.0,0,0,0,0.0
6BM4,SFT-ETT,2,2025-05-16,409.65119999999996,309.372,0.7552083333333335,6,6,32,309.372
6BM4,SFT-ETT,2,2025-05-23,409.65119999999996,323.3928,0.789434523809524,6,6,35,323.3928
6BM4,SFT-ETT,2,2025-05-30,409.65119999999996,356.3112,0.8697916666666667,6,6,38,356.31120000000004
6BM4,SFT-ETT,2,2025-06-06,0.0,0.0,0.0,0,0,0,0.0
6BM4,SFT-ETT,2,2025-06-13,0.0,0.0,0.0,0,0,0,0.0
6BM4,SFT-ETT,2,2025-06-20,0.0,0.0,0.0,0,0,0,0.0
6BM4,SFT-ETT,2,2025-06-27,409.65119999999996,213.96960000000007,0.5223214285714288,6,6,26,213.9696
6BM4,SFT-ETT,2,2025-07-11,409.65119999999996,280.416,0.6845238095238095,6,6,31,280.416
6BM4,SFT-ETT,2,2025-07-18,807.4152,707.1360000000001,0.8758021895054738,14,14,334,2066.5440000000003
6BM4,SFT-ETT,2,2025-07-25,409.65119999999996,204.21600000000007,0.498511904761905,6,6,22,204.216
6BM4,SFT-ETT,2,2025-08-15,0.0,0.0,0.0,0,0,0,0.0
6BM4,SFT-ETT,2,2025-08-22,482.80319999999995,443.7887999999999,0.9191919191919191,7,7,43,443.78880000000004
6BM4,SFT-ETT,2,2025-08-29,482.80319999999995,394.41119999999995,0.8169191919191919,7,7,36,394.4112
6BM4,SFT-ETT,2,2025-09-05,0.0,0.0,0.0,0,0,0,0.0
6BM4,SFT-ETT,2,2025-09-12,482.80319999999995,403.85999999999996,0.836489898989899,7,7,40,403.86
6BM4,SFT-ETT,2,2025-09-19,0.0,0.0,0.0,0,0,0,0.0
6BM4,SFT-ETT,2,2025-09-26,807.4152,794.3088,0.9837674594186485,14,14,176,1697.4312
6BM4,SFT-ETT,2,2025-10-10,807.4152,785.1648000000001,0.9724424311060779,14,14,165,1729.4352000000001
6BM4,SFT-ETT,2,2025-10-17,341.376,134.7216,0.39464285714285713,5,5,21,134.7216
6BM4,SFT-ETT,2,2025-10-24,409.65119999999996,229.81920000000002,0.5610119047619049,6,6,23,229.81920000000002
6BM4,SFT-ETT,2,2025-10-31,0.0,0.0,0.0,0,0,0,0.0
6BM4,SFT-ETT,2,2025-11-14,629.1072,509.01599999999996,0.8091085271317828,9,9,50,509.016
6BM4,SFT-ETT,2,2025-11-28,555.9552,466.34399999999994,0.8388157894736841,8,8,52,466.34400000000005
6BM4,SFT-ETT,2,2025-12-12,629.1072,534.6192,0.8498062015503876,9,9,48,534.6192
6BM4,SFT-ETT,2,2025-12-19,629.1072,561.4416,0.8924418604651162,9,9,57,561.4416
6BM4,SFT-ETT,2,2025-12-26,629.1072,545.592,0.8672480620155038,9,9,55,545.592
6BM4,ETT-MFT,3,2025-01-17,807.4152,737.3112000000001,0.9131747829369574,14,14,77,737.3112
6BM4,ETT-MFT,3,2025-01-24,555.9552,494.38559999999995,0.8892543859649122,8,8,51,494.3856
6BM4,ETT-MFT,3,2025-01-31,709.8792000000001,669.0360000000001,0.9424645770717046,10,10,57,669.0360000000001
6BM4,ETT-MFT,3,2025-02-07,555.9552,487.67999999999995,0.8771929824561403,8,8,51,487.68
6BM4,ETT-MFT,3,2025-02-14,807.4152,785.1648000000001,0.9724424311060779,14,14,142,1750.7712000000001
6BM4,ETT-MFT,3,2025-02-21,807.4152,766.2672,0.9490373725934315,14,14,106,1229.5632
6BM4,ETT-MFT,3,2025-02-28,807.4152,785.1648000000001,0.9724424311060779,14,14,149,1731.8736000000001
6BM4,ETT-MFT,3,2025-03-07,807.4152,777.24,0.9626274065685164,14,14,105,1173.48
6BM4,ETT-MFT,3,2025-03-14,807.4152,707.1360000000001,0.8758021895054738,14,14,95,1121.664
6BM4,ETT-MFT,3,2025-03-21,807.4152,694.9440000000001,0.8607021517553795,14,14,78,694.9440000000001
6BM4,ETT-MFT,3,2025-03-28,807.4152,707.1360000000001,0.8758021895054738,14,14,173,1286.256
6BM4,ETT-MFT,3,2025-04-11,807.4152,785.1648000000001,0.9724424311060779,14,14,640,5905.1952
6BM4,ETT-MFT,3,2025-04-18,0.0,0.0,0.0,0,0,0,0.0
6BM4,ETT-MFT,3,2025-04-25,0.0,0.0,0.0,0,0,0,0.0
6BM4,ETT-MFT,3,2025-05-09,0.0,0.0,0.0,0,0,0,0.0
6BM4,ETT-MFT,3,2025-05-16,409.65119999999996,309.372,0.7552083333333335,6,6,32,309.372
6BM4,ETT-MFT,3,2025-05-23,409.65119999999996,323.3928,0.789434523809524,6,6,35,323.3928
6BM4,ETT-MFT,3,2025-05-30,409.65119999999996,356.3112,0.8697916666666667,6,6,38,356.31120000000004
6BM4,ETT-MFT,3,2025-06-06,0.0,0.0,0.0,0,0,0,0.0
6BM4,ETT-MFT,3,2025-06-13,0.0,0.0,0.0,0,0,0,0.0
6BM4,ETT-MFT,3,2025-06-20,0.0,0.0,0.0,0,0,0,0.0
6BM4,ETT-MFT,3,2025-06-27,409.65119999999996,213.96960000000007,0.5223214285714288,6,6,26,213.9696
6BM4,ETT-MFT,3,2025-07-11,409.65119999999996,280.416,0.6845238095238095,6,6,31,280.416
6BM4,ETT-MFT,3,2025-07-18,807.4152,707.1360000000001,0.8758021895054738,14,14,334,2066.5440000000003
6BM4,ETT-MFT,3,2025-07-25,409.65119999999996,204.21600000000007,0.498511904761905,6,6,22,204.216
6BM4,ETT-MFT,3,2025-08-15,0.0,0.0,0.0,0,0,0,0.0
6BM4,ETT-MFT,3,2025-08-22,482.80319999999995,443.7887999999999,0.9191919191919191,7,7,43,443.78880000000004
6BM4,ETT-MFT,3,2025-08-29,482.80319999999995,394.41119999999995,0.8169191919191919,7,7,36,394.4112
6BM4,ETT-MFT,3,2025-09-05,0.0,0.0,0.0,0,0,0,0.0
6BM4,ETT-MFT,3,2025-09-12,482.80319999999995,403.85999999999996,0.836489898989899,7,7,40,403.86
6BM4,ETT-MFT,3,2025-09-19,0.0,0.0,0.0,0,0,0,0.0
6BM4,ETT-MFT,3,2025-09-26,807.4152,794.3088,0.9837674594186485,14,14,176,1697.4312
6BM4,ETT-MFT,3,2025-10-10,807.4152,785.1648000000001,0.9724424311060779,14,14,165,1729.4352000000001
6BM4,ETT-MFT,3,2025-10-17,341.376,134.7216,0.39464285714285713,5,5,21,134.7216
6BM4,ETT-MFT,3,2025-10-24,409.65119999999996,229.81920000000002,0.5610119047619049,6,6,23,229.81920000000002
6BM4,ETT-MFT,3,2025-10-31,0.0,0.0,0.0,0,0,0,0.0
6BM4,ETT-MFT,3,2025-11-14,629.1072,509.01599999999996,0.8091085271317828,9,9,50,509.016
6BM4,ETT-MFT,3,2025-11-28,555.9552,466.34399999999994,0.8388157894736841,8,8,52,466.34400000000005
6BM4,ETT-MFT,3,2025-12-12,629.1072,534.6192,0.8498062015503876,9,9,48,534.6192
6BM4,ETT-MFT,3,2025-12-19,629.1072,561.4416,0.8924418604651162,9,9,57,561.4416
6BM4,ETT-MFT,3,2025-12-26,629.1072,545.592,0.8672480620155038,9,9,55,545.592
6MB4,MFT-SFT,1,2025-01-17,565.7088,432.816,0.7650862068965517,8,8,55,432.81600000000003
6MB4,MFT-SFT,1,2025-01-24,419.40479999999997,310.896,0.741279069767442,6,6,44,310.896
6MB4,MFT-SFT,1,2025-01-31,273.1008,103.632,0.37946428571428575,4,4,17,103.632
6MB4,MFT-SFT,1,2025-02-07,0.0,0.0,0.0,0,0,0,0.0
6MB4,MFT-SFT,1,2025-02-14,273.1008,176.784,0.6473214285714286,4,4,27,176.78400000000002
6MB4,MFT-SFT,1,2025-02-21,0.0,0.0,0.0,0,0,0,0.0
6MB4,MFT-SFT,1,2025-02-28,0.0,0.0,0.0,0,0,0,0.0
6MB4,MFT-SFT,1,2025-03-07,0.0,0.0,0.0,0,0,0,0.0
6MB4,MFT-SFT,1,2025-03-14,0.0,0.0,0.0,0,0,0,0.0
6MB4,MFT-SFT,1,2025-03-21,0.0,0.0,0.0,0,0,0,0.0
6MB4,MFT-SFT,1,2025-03-28,0.0,0.0,0.0,0,0,0,0.0
6MB4,MFT-SFT,1,2025-04-11,346.2528,249.936,0.721830985915493,5,5,36,249.936
6MB4,MFT-SFT,1,2025-04-18,1102.1568000000002,1087.5264000000002,0.9867256637168141,18,18,3549,51803.808000000005
6MB4,MFT-SFT,1,2025-04-25,419.40479999999997,365.76,0.872093023255814,6,6,44,365.76
6MB4,MFT-SFT,1,2025-05-09,0.0,0.0,0.0,0,0,0,0.0
6MB4,MFT-SFT,1,2025-05-16,273.1008,140.208,0.5133928571428572,4,4,23,140.208
6MB4,MFT-SFT,1,2025-05-23,273.1008,207.264,0.7589285714285715,4,4,26,207.264
6MB4,MFT-SFT,1,2025-05-30,273.1008,195.072,0.7142857142857143,4,4,26,195.072
6MB4,MFT-SFT,1,2025-06-06,0.0,0.0,0.0,0,0,0,0.0
6MB4,MFT-SFT,1,2025-06-13,0.0,0.0,0.0,0,0,0,0.0
6MB4,MFT-SFT,1,2025-06-20,0.0,0.0,0.0,0,0,0,0.0
6MB4,MFT-SFT,1,2025-06-27,321.86879999999996,195.072,0.6060606060606062,6,6,26,195.072
6MB4,MFT-SFT,1,2025-07-11,273.1008,164.59200000000004,0.6026785714285716,4,4,22,164.592
6MB4,MFT-SFT,1,2025-07-18,321.86879999999996,134.112,0.4166666666666667,6,6,18,134.112
6MB4,MFT-SFT,1,2025-07-25,297.48479999999995,243.84,0.8196721311475411,5,5,31,243.84
6MB4,MFT-SFT,1,2025-08-15,0.0,0.0,0.0,0,0,0,0.0
6MB4,MFT-SFT,1,2025-08-22,321.86879999999996,237.74400000000003,0.7386363636363638,6,6,33,237.744
6MB4,MFT-SFT,1,2025-08-29,273.1008,243.84,0.8928571428571429,4,4,33,243.84
6MB4,MFT-SFT,1,2025-09-05,0.0,0.0,0.0,0,0,0,0.0
6MB4,MFT-SFT,1,2025-09-12,302.36159999999995,164.592,0.5443548387096776,7,7,19,164.592
6MB4,MFT-SFT,1,2025-09-19,0.0,0.0,0.0,0,0,0,0.0
6MB4,MFT-SFT,1,2025-09-26,204.8256,73.152,0.35714285714285715,3,3,12,73.152
6MB4,MFT-SFT,1,2025-10-10,1053.3888000000002,911.3520000000001,0.865162037037037,16,16,92,911.3520000000001
6MB4,MFT-SFT,1,2025-10-17,136.5504,30.48,0.22321428571428573,2,2,5,30.48
6MB4,MFT-SFT,1,2025-10-24,0.0,0.0,0.0,0,0,0,0.0
6MB4,MFT-SFT,1,2025-10-31,0.0,0.0,0.0,0,0,0,0.0
6MB4,MFT-SFT,1,2025-11-14,273.1008,213.35999999999999,0.78125,4,4,35,213.36
6MB4,MFT-SFT,1,2025-11-21,0.0,0.0,0.0,0,0,0,0.0
6MB4,MFT-SFT,1,2025-11-28,346.2528,304.8,0.8802816901408451,5,5,37,304.8
6MB4,MFT-SFT,1,2025-12-12,492.55679999999995,390.144,0.7920792079207921,7,7,50,390.144
6MB4,MFT-SFT,1,2025-12-19,346.2528,312.1152,0.9014084507042255,5,5,34,312.1152
6MB4,MFT-SFT,1,2025-12-26,419.40479999999997,364.5408,0.869186046511628,6,6,41,364.5408
6MB4,SFT-BFT,2,2025-01-17,565.7088,432.816,0.7650862068965517,8,8,55,432.81600000000003
6MB4,SFT-BFT,2,2025-01-24,419.40479999999997,310.896,0.741279069767442,6,6,44,310.896
6MB4,SFT-BFT,2,2025-01-31,273.1008,103.632,0.37946428571428575,4,4,17,103.632
6MB4,SFT-BFT,2,2025-02-07,0.0,0.0,0.0,0,0,0,0.0
6MB4,SFT-BFT,2,2025-02-14,273.1008,176.784,0.6473214285714286,4,4,27,176.78400000000002
6MB4,SFT-BFT,2,2025-02-21,0.0,0.0,0.0,0,0,0,0.0
6MB4,SFT-BFT,2,2025-02-28,0.0,0.0,0.0,0,0,0,0.0
6MB4,SFT-BFT,2,2025-03-07,0.0,0.0,0.0,0,0,0,0.0
6MB4,SFT-BFT,2,2025-03-14,0.0,0.0,0.0,0,0,0,0.0
6MB4,SFT-BFT,2,2025-03-21,0.0,0.0,0.0,0,0,0,0.0
6MB4,SFT-BFT,2,2025-03-28,0.0,0.0,0.0,0,0,0,0.0
6MB4,SFT-BFT,2,2025-04-11,346.2528,249.936,0.721830985915493,5,5,36,249.936
6MB4,SFT-BFT,2,2025-04-18,1102.1568000000002,1087.5264000000002,0.9867256637168141,18,18,3549,51803.808000000005
6MB4,SFT-BFT,2,2025-04-25,419.40479999999997,365.76,0.872093023255814,6,6,44,365.76
6MB4,SFT-BFT,2,2025-05-09,0.0,0.0,0.0,0,0,0,0.0
6MB4,SFT-BFT,2,2025-05-16,273.1008,140.208,0.5133928571428572,4,4,23,140.208
6MB4,SFT-BFT,2,2025-05-23,273.1008,207.264,0.7589285714285715,4,4,26,207.264
6MB4,SFT-BFT,2,2025-05-30,273.1008,195.072,0.7142857142857143,4,4,26,195.072
6MB4,SFT-BFT,2,2025-06-06,0.0,0.0,0.0,0,0,0,0.0
6MB4,SFT-BFT,2,2025-06-13,0.0,0.0,0.0,0,0,0,0.0
6MB4,SFT-BFT,2,2025-06-20,0.0,0.0,0.0,0,0,0,0.0
6MB4,SFT-BFT,2,2025-06-27,321.86879999999996,195.072,0.6060606060606062,6,6,26,195.072
6MB4,SFT-BFT,2,2025-07-11,273.1008,164.59200000000004,0.6026785714285716,4,4,22,164.592
6MB4,SFT-BFT,2,2025-07-18,321.86879999999996,134.112,0.4166666666666667,6,6,18,134.112
6MB4,SFT-BFT,2,2025-07-25,297.48479999999995,243.84,0.8196721311475411,5,5,31,243.84
6MB4,SFT-BFT,2,2025-08-15,0.0,0.0,0.0,0,0,0,0.0
6MB4,SFT-BFT,2,2025-08-22,321.86879999999996,237.74400000000003,0.7386363636363638,6,6,33,237.744
6MB4,SFT-BFT,2,2025-08-29,273.1008,243.84,0.8928571428571429,4,4,33,243.84
6MB4,SFT-BFT,2,2025-09-05,0.0,0.0,0.0,0,0,0,0.0
6MB4,SFT-BFT,2,2025-09-12,302.36159999999995,164.592,0.5443548387096776,7,7,19,164.592
6MB4,SFT-BFT,2,2025-09-19,0.0,0.0,0.0,0,0,0,0.0
6MB4,SFT-BFT,2,2025-09-26,204.8256,73.152,0.35714285714285715,3,3,12,73.152
6MB4,SFT-BFT,2,2025-10-10,1053.3888000000002,911.3520000000001,0.865162037037037,16,16,92,911.3520000000001
6MB4,SFT-BFT,2,2025-10-17,136.5504,30.48,0.22321428571428573,2,2,5,30.48
6MB4,SFT-BFT,2,2025-10-24,0.0,0.0,0.0,0,0,0,0.0
6MB4,SFT-BFT,2,2025-10-31,0.0,0.0,0.0,0,0,0,0.0
6MB4,SFT-BFT,2,2025-11-14,273.1008,213.35999999999999,0.78125,4,4,35,213.36
6MB4,SFT-BFT,2,2025-11-21,0.0,0.0,0.0,0,0,0,0.0
6MB4,SFT-BFT,2,2025-11-28,346.2528,304.8,0.8802816901408451,5,5,37,304.8
6MB4,SFT-BFT,2,2025-12-12,492.55679999999995,390.144,0.7920792079207921,7,7,50,390.144
6MB4,SFT-BFT,2,2025-12-19,346.2528,312.1152,0.9014084507042255,5,5,34,312.1152
6MB4,SFT-BFT,2,2025-12-26,419.40479999999997,364.5408,0.869186046511628,6,6,41,364.5408
7BM4,BFT-SFT,1,2025-01-18,936.3456000000002,792.4800000000001,0.8463541666666666,13,13,206,1493.52
7BM4,BFT-SFT,1,2025-01-25,351.1296,262.128,0.7465277777777778,5,5,33,262.128
7BM4,BFT-SFT,1,2025-02-08,0.0,0.0,0.0,0,0,2,36.576
7BM4,BFT-SFT,1,2025-02-15,204.8256,73.152,0.35714285714285715,3,3,12,73.152
7BM4,BFT-SFT,1,2025-02-22,0.0,0.0,0.0,0,0,3,54.864000000000004
7BM4,BFT-SFT,1,2025-03-08,0.0,0.0,0.0,0,0,0,0.0
7BM4,BFT-SFT,1,2025-03-15,0.0,0.0,0.0,0,0,0,0.0
7BM4,BFT-SFT,1,2025-03-22,0.0,0.0,0.0,0,0,1,18.288
7BM4,BFT-SFT,1,2025-03-29,0.0,0.0,0.0,0,0,0,0.0
7BM4,BFT-SFT,1,2025-04-05,0.0,0.0,0.0,0,0,0,0.0
7BM4,BFT-SFT,1,2025-04-12,0.0,0.0,0.0,0,0,0,0.0
7BM4,BFT-SFT,1,2025-04-19,0.0,0.0,0.0,0,0,1,18.288
7BM4,BFT-SFT,1,2025-04-26,0.0,0.0,0.0,0,0,1,18.288
7BM4,BFT-SFT,1,2025-05-10,0.0,0.0,0.0,0,0,0,0.0
7BM4,BFT-SFT,1,2025-05-17,136.5504,42.672,0.3125,2,2,8,60.96
7BM4,BFT-SFT,1,2025-05-24,0.0,0.0,0.0,0,0,1,18.288
7BM4,BFT-SFT,1,2025-05-31,0.0,0.0,0.0,0,0,0,0.0
7BM4,BFT-SFT,1,2025-06-07,0.0,0.0,0.0,0,0,0,0.0
7BM4,BFT-SFT,1,2025-06-14,0.0,0.0,0.0,0,0,1,18.288
7BM4,BFT-SFT,1,2025-06-21,0.0,0.0,0.0,0,0,2,36.576
7BM4,BFT-SFT,1,2025-06-28,0.0,0.0,0.0,0,0,1,18.288
7BM4,BFT-SFT,1,2025-07-05,0.0,0.0,0.0,0,0,0,0.0
7BM4,BFT-SFT,1,2025-07-12,936.3456000000002,936.3456000000002,1.0,13,13,375,5344.363200000001
7BM4,BFT-SFT,1,2025-07-19,0.0,0.0,0.0,0,0,2,36.576
7BM4,BFT-SFT,1,2025-07-26,0.0,0.0,0.0,0,0,1,18.288
7BM4,BFT-SFT,1,2025-08-16,0.0,0.0,0.0,0,0,2,36.576
7BM4,BFT-SFT,1,2025-08-23,0.0,0.0,0.0,0,0,0,0.0
7BM4,BFT-SFT,1,2025-08-30,0.0,0.0,0.0,0,0,4,73.152
7BM4,BFT-SFT,1,2025-09-06,0.0,0.0,0.0,0,0,0,0.0
7BM4,BFT-SFT,1,2025-09-13,0.0,0.0,0.0,0,0,3,54.864000000000004
7BM4,BFT-SFT,1,2025-09-20,0.0,0.0,0.0,0,0,0,0.0
7BM4,BFT-SFT,1,2025-09-27,0.0,0.0,0.0,0,0,1,18.288
7BM4,BFT-SFT,1,2025-10-11,936.3456000000002,936.3456000000002,1.0,13,13,513,6506.2608
7BM4,BFT-SFT,1,2025-10-18,0.0,0.0,0.0,0,0,0,0.0
7BM4,BFT-SFT,1,2025-10-25,0.0,0.0,0.0,0,0,0,0.0
7BM4,BFT-SFT,1,2025-11-15,0.0,0.0,0.0,0,0,3,54.864000000000004
7BM4,BFT-SFT,1,2025-11-22,204.8256,140.20800000000003,0.6845238095238096,3,3,25,176.78400000000002
7BM4,BFT-SFT,1,2025-11-29,0.0,0.0,0.0,0,0,0,0.0
7BM4,BFT-SFT,1,2025-12-13,424.28159999999997,378.5616,0.8922413793103449,6,6,36,378.5616
7BM4,BFT-SFT,1,2025-12-20,497.43359999999996,416.3568,0.8370098039215688,7,7,48,452.93280000000004
7BM4,BFT-SFT,1,2025-12-27,351.1296,268.224,0.763888888888889,5,5,42,341.37600000000003
7BM4,SFT-ETT,2,2025-01-18,936.3456000000002,792.4800000000001,0.8463541666666666,13,13,206,1493.52
7BM4,SFT-ETT,2,2025-01-25,351.1296,262.128,0.7465277777777778,5,5,33,262.128
7BM4,SFT-ETT,2,2025-02-08,0.0,0.0,0.0,0,0,2,36.576
7BM4,SFT-ETT,2,2025-02-15,204.8256,73.152,0.35714285714285715,3,3,12,73.152
7BM4,SFT-ETT,2,2025-02-22,0.0,0.0,0.0,0,0,3,54.864000000000004
7BM4,SFT-ETT,2,2025-03-08,0.0,0.0,0.0,0,0,0,0.0
7BM4,SFT-ETT,2,2025-03-15,0.0,0.0,0.0,0,0,0,0.0
7BM4,SFT-ETT,2,2025-03-22,0.0,0.0,0.0,0,0,1,18.288
7BM4,SFT-ETT,2,2025-03-29,0.0,0.0,0.0,0,0,0,0.0
7BM4,SFT-ETT,2,2025-04-05,0.0,0.0,0.0,0,0,0,0.0
7BM4,SFT-ETT,2,2025-04-12,0.0,0.0,0.0,0,0,0,0.0
7BM4,SFT-ETT,2,2025-04-19,0.0,0.0,0.0,0,0,1,18.288
7BM4,SFT-ETT,2,2025-04-26,0.0,0.0,0.0,0,0,1,18.288
7BM4,SFT-ETT,2,2025-05-10,0.0,0.0,0.0,0,0,0,0.0
7BM4,SFT-ETT,2,2025-05-17,136.5504,42.672,0.3125,2,2,8,60.96
7BM4,SFT-ETT,2,2025-05-24,0.0,0.0,0.0,0,0,1,18.288
7BM4,SFT-ETT,2,2025-05-31,0.0,0.0,0.0,0,0,0,0.0
7BM4,SFT-ETT,2,2025-06-07,0.0,0.0,0.0,0,0,0,0.0
7BM4,SFT-ETT,2,2025-06-14,0.0,0.0,0.0,0,0,1,18.288
7BM4,SFT-ETT,2,2025-06-21,0.0,0.0,0.0,0,0,2,36.576
7BM4,SFT-ETT,2,2025-06-28,0.0,0.0,0.0,0,0,1,18.288
7BM4,SFT-ETT,2,2025-07-05,0.0,0.0,0.0,0,0,0,0.0
7BM4,SFT-ETT,2,2025-07-12,936.3456000000002,936.3456000000002,1.0,13,13,375,5344.363200000001
7BM4,SFT-ETT,2,2025-07-19,0.0,0.0,0.0,0,0,2,36.576
7BM4,SFT-ETT,2,2025-07-26,0.0,0.0,0.0,0,0,1,18.288
7BM4,SFT-ETT,2,2025-08-16,0.0,0.0,0.0,0,0,2,36.576
7BM4,SFT-ETT,2,2025-08-23,0.0,0.0,0.0,0,0,0,0.0
7BM4,SFT-ETT,2,2025-08-30,0.0,0.0,0.0,0,0,4,73.152
7BM4,SFT-ETT,2,2025-09-06,0.0,0.0,0.0,0,0,0,0.0
7BM4,SFT-ETT,2,2025-09-13,0.0,0.0,0.0,0,0,3,54.864000000000004
7BM4,SFT-ETT,2,2025-09-20,0.0,0.0,0.0,0,0,0,0.0
7BM4,SFT-ETT,2,2025-09-27,0.0,0.0,0.0,0,0,1,18.288
7BM4,SFT-ETT,2,2025-10-11,936.3456000000002,936.3456000000002,1.0,13,13,513,6506.2608
7BM4,SFT-ETT,2,2025-10-18,0.0,0.0,0.0,0,0,0,0.0
7BM4,SFT-ETT,2,2025-10-25,0.0,0.0,0.0,0,0,0,0.0
7BM4,SFT-ETT,2,2025-11-15,0.0,0.0,0.0,0,0,3,54.864000000000004
7BM4,SFT-ETT,2,2025-11-22,204.8256,140.20800000000003,0.6845238095238096,3,3,25,176.78400000000002
7BM4,SFT-ETT,2,2025-11-29,0.0,0.0,0.0,0,0,0,0.0
7BM4,SFT-ETT,2,2025-12-13,424.28159999999997,378.5616,0.8922413793103449,6,6,36,378.5616
7BM4,SFT-ETT,2,2025-12-20,497.43359999999996,416.3568,0.8370098039215688,7,7,48,452.93280000000004
7BM4,SFT-ETT,2,2025-12-27,351.1296,268.224,0.763888888888889,5,5,42,341.37600000000003
7BM4,ETT-MFT,3,2025-01-18,936.3456000000002,792.4800000000001,0.8463541666666666,13,13,206,1493.52
7BM4,ETT-MFT,3,2025-01-25,351.1296,262.128,0.7465277777777778,5,5,33,262.128
7BM4,ETT-MFT,3,2025-02-08,0.0,0.0,0.0,0,0,2,36.576
7BM4,ETT-MFT,3,2025-02-15,204.8256,73.152,0.35714285714285715,3,3,12,73.152
7BM4,ETT-MFT,3,2025-02-22,0.0,0.0,0.0,0,0,3,54.864000000000004
7BM4,ETT-MFT,3,2025-03-08,0.0,0.0,0.0,0,0,0,0.0
7BM4,ETT-MFT,3,2025-03-15,0.0,0.0,0.0,0,0,0,0.0
7BM4,ETT-MFT,3,2025-03-22,0.0,0.0,0.0,0,0,1,18.288
7BM4,ETT-MFT,3,2025-03-29,0.0,0.0,0.0,0,0,0,0.0
7BM4,ETT-MFT,3,2025-04-05,0.0,0.0,0.0,0,0,0,0.0
7BM4,ETT-MFT,3,2025-04-12,0.0,0.0,0.0,0,0,0,0.0
7BM4,ETT-MFT,3,2025-04-19,0.0,0.0,0.0,0,0,1,18.288
7BM4,ETT-MFT,3,2025-04-26,0.0,0.0,0.0,0,0,1,18.288
7BM4,ETT-MFT,3,2025-05-10,0.0,0.0,0.0,0,0,0,0.0
7BM4,ETT-MFT,3,2025-05-17,136.5504,42.672,0.3125,2,2,8,60.96
7BM4,ETT-MFT,3,2025-05-24,0.0,0.0,0.0,0,0,1,18.288
7BM4,ETT-MFT,3,2025-05-31,0.0,0.0,0.0,0,0,0,0.0
7BM4,ETT-MFT,3,2025-06-07,0.0,0.0,0.0,0,0,0,0.0
7BM4,ETT-MFT,3,2025-06-14,0.0,0.0,0.0,0,0,1,18.288
7BM4,ETT-MFT,3,2025-06-21,0.0,0.0,0.0,0,0,2,36.576
7BM4,ETT-MFT,3,2025-06-28,0.0,0.0,0.0,0,0,1,18.288
7BM4,ETT-MFT,3,2025-07-05,0.0,0.0,0.0,0,0,0,0.0
7BM4,ETT-MFT,3,2025-07-12,936.3456000000002,936.3456000000002,1.0,13,13,375,5344.363200000001
7BM4,ETT-MFT,3,2025-07-19,0.0,0.0,0.0,0,0,2,36.576
7BM4,ETT-MFT,3,2025-07-26,0.0,0.0,0.0,0,0,1,18.288
7BM4,ETT-MFT,3,2025-08-16,0.0,0.0,0.0,0,0,2,36.576
7BM4,ETT-MFT,3,2025-08-23,0.0,0.0,0.0,0,0,0,0.0
7BM4,ETT-MFT,3,2025-08-30,0.0,0.0,0.0,0,0,4,73.152
7BM4,ETT-MFT,3,2025-09-06,0.0,0.0,0.0,0,0,0,0.0
7BM4,ETT-MFT,3,2025-09-13,0.0,0.0,0.0,0,0,3,54.864000000000004
7BM4,ETT-MFT,3,2025-09-20,0.0,0.0,0.0,0,0,0,0.0
7BM4,ETT-MFT,3,2025-09-27,0.0,0.0,0.0,0,0,1,18.288
7BM4,ETT-MFT,3,2025-10-11,936.3456000000002,936.3456000000002,1.0,13,13,513,6506.2608
7BM4,ETT-MFT,3,2025-10-18,0.0,0.0,0.0,0,0,0,0.0
7BM4,ETT-MFT,3,2025-10-25,0.0,0.0,0.0,0,0,0,0.0
7BM4,ETT-MFT,3,2025-11-15,0.0,0.0,0.0,0,0,3,54.864000000000004
7BM4,ETT-MFT,3,2025-11-22,204.8256,140.20800000000003,0.6845238095238096,3,3,25,176.78400000000002
7BM4,ETT-MFT,3,2025-11-29,0.0,0.0,0.0,0,0,0,0.0
7BM4,ETT-MFT,3,2025-12-13,424.28159999999997,378.5616,0.8922413793103449,6,6,36,378.5616
7BM4,ETT-MFT,3,2025-12-20,497.43359999999996,416.3568,0.8370098039215688,7,7,48,452.93280000000004
7BM4,ETT-MFT,3,2025-12-27,351.1296,268.224,0.763888888888889,5,5,42,341.37600000000003
7MB4,MFT-ETT,1,2025-01-18,775.4112000000001,677.2656000000001,0.8734276729559748,15,15,88,677.2656000000001
7MB4,MFT-ETT,1,2025-01-25,824.1792000000002,784.2504000000001,0.9515532544378698,17,17,117,1034.1864
7MB4,MFT-ETT,1,2025-02-15,555.9552,432.816,0.7785087719298245,8,8,63,432.81600000000003
7MB4,MFT-ETT,1,2025-02-22,775.4112000000001,701.0400000000001,0.9040880503144654,15,15,86,701.0400000000001
7MB4,MFT-ETT,1,2025-03-08,0.0,0.0,0.0,0,0,0,0.0
7MB4,MFT-ETT,1,2025-03-15,0.0,0.0,0.0,0,0,0,0.0
7MB4,MFT-ETT,1,2025-03-22,273.1008,79.248,0.29017857142857145,4,4,13,79.248
7MB4,MFT-ETT,1,2025-03-29,0.0,0.0,0.0,0,0,0,0.0
7MB4,MFT-ETT,1,2025-04-05,0.0,0.0,0.0,0,0,0,0.0
7MB4,MFT-ETT,1,2025-04-12,482.80319999999995,414.528,0.8585858585858587,7,7,48,414.528
7MB4,MFT-ETT,1,2025-04-19,824.1792000000002,755.9040000000001,0.9171597633136095,17,17,77,755.904
7MB4,MFT-ETT,1,2025-04-26,273.1008,79.248,0.29017857142857145,4,4,13,79.248
7MB4,MFT-ETT,1,2025-05-10,409.65119999999996,128.016,0.3125,6,6,21,128.01600000000002
7MB4,MFT-ETT,1,2025-05-17,409.65119999999996,140.208,0.34226190476190477,6,6,20,140.208
7MB4,MFT-ETT,1,2025-05-24,204.8256,54.864000000000004,0.26785714285714285,3,3,9,54.864000000000004
7MB4,MFT-ETT,1,2025-05-31,204.8256,60.96,0.2976190476190476,3,3,10,60.96
7MB4,MFT-ETT,1,2025-06-07,0.0,0.0,0.0,0,0,0,0.0
7MB4,MFT-ETT,1,2025-06-14,0.0,0.0,0.0,0,0,0,0.0
7MB4,MFT-ETT,1,2025-06-21,0.0,0.0,0.0,0,0,0,0.0
7MB4,MFT-ETT,1,2025-06-28,555.9552,481.58399999999995,0.8662280701754386,8,8,69,481.584
7MB4,MFT-ETT,1,2025-07-05,0.0,0.0,0.0,0,0,0,0.0
7MB4,MFT-ETT,1,2025-07-12,0.0,0.0,0.0,0,0,0,0.0
7MB4,MFT-ETT,1,2025-07-19,68.2752,6.096,0.08928571428571429,1,1,1,6.096
7MB4,MFT-ETT,1,2025-07-26,824.1792000000002,743.712,0.9023668639053253,17,17,105,762.0
7MB4,MFT-ETT,1,2025-08-16,0.0,0.0,0.0,0,0,0,0.0
7MB4,MFT-ETT,1,2025-08-23,409.65119999999996,365.76,0.8928571428571429,6,6,43,365.76
7MB4,MFT-ETT,1,2025-08-30,409.65119999999996,243.84000000000003,0.5952380952380953,6,6,33,243.84
7MB4,MFT-ETT,1,2025-09-06,0.0,0.0,0.0,0,0,0,0.0
7MB4,MFT-ETT,1,2025-09-13,409.65119999999996,219.45600000000002,0.5357142857142858,6,6,27,219.45600000000002
7MB4,MFT-ETT,1,2025-09-20,0.0,0.0,0.0,0,0,0,0.0
7MB4,MFT-ETT,1,2025-09-27,824.1792000000002,743.712,0.9023668639053253,17,17,142,1152.144
7MB4,MFT-ETT,1,2025-10-11,434.0351999999999,280.41600000000005,0.6460674157303373,7,7,42,280.416
7MB4,MFT-ETT,1,2025-10-18,68.2752,6.096,0.08928571428571429,1,1,1,6.096
7MB4,MFT-ETT,1,2025-10-25,0.0,0.0,0.0,0,0,0,0.0
7MB4,MFT-ETT,1,2025-11-15,629.1072,556.8695999999999,0.885174418604651,9,9,58,556.8696
7MB4,MFT-ETT,1,2025-11-29,555.9552,465.1248,0.8366228070175439,8,8,46,465.12480000000005
7MB4,MFT-ETT,1,2025-12-13,629.1072,545.5919999999999,0.8672480620155036,9,9,55,545.592
7MB4,MFT-ETT,1,2025-12-20,702.2592000000001,605.3328,0.8619791666666666,12,12,71,605.3328
7MB4,MFT-ETT,1,2025-12-27,726.6432,641.9088,0.8833892617449666,13,13,82,641.9088
7MB4,ETT-SFT,2,2025-01-18,677.8752000000001,585.216,0.8633093525179856,11,11,80,585.216
7MB4,ETT-SFT,2,2025-01-25,921.7152000000002,872.0328000000002,0.9460978835978836,21,21,109,951.2808
7MB4,ETT-SFT,2,2025-02-15,409.65119999999996,335.28000000000003,0.8184523809523812,6,6,55,335.28000000000003
7MB4,ETT-SFT,2,2025-02-22,702.2592000000001,621.7919999999999,0.8854166666666664,12,12,78,621.792
7MB4,ETT-SFT,2,2025-03-08,0.0,0.0,0.0,0,0,0,0.0
7MB4,ETT-SFT,2,2025-03-15,0.0,0.0,0.0,0,0,0,0.0
7MB4,ETT-SFT,2,2025-03-22,0.0,0.0,0.0,0,0,0,0.0
7MB4,ETT-SFT,2,2025-03-29,0.0,0.0,0.0,0,0,0,0.0
7MB4,ETT-SFT,2,2025-04-05,0.0,0.0,0.0,0,0,0,0.0
7MB4,ETT-SFT,2,2025-04-12,409.65119999999996,316.992,0.773809523809524,6,6,40,316.992
7MB4,ETT-SFT,2,2025-04-19,751.0272000000001,672.9984,0.896103896103896,14,14,69,672.9984000000001
7MB4,ETT-SFT,2,2025-04-26,0.0,0.0,0.0,0,0,0,0.0
7MB4,ETT-SFT,2,2025-05-10,136.5504,30.48,0.22321428571428573,2,2,5,30.48
7MB4,ETT-SFT,2,2025-05-17,136.5504,42.672,0.3125,2,2,7,42.672000000000004
7MB4,ETT-SFT,2,2025-05-24,0.0,0.0,0.0,0,0,0,0.0
7MB4,ETT-SFT,2,2025-05-31,0.0,0.0,0.0,0,0,0,0.0
7MB4,ETT-SFT,2,2025-06-07,0.0,0.0,0.0,0,0,0,0.0
7MB4,ETT-SFT,2,2025-06-14,0.0,0.0,0.0,0,0,0,0.0
7MB4,ETT-SFT,2,2025-06-21,0.0,0.0,0.0,0,0,0,0.0
7MB4,ETT-SFT,2,2025-06-28,482.80319999999995,384.048,0.7954545454545455,7,7,61,384.048
7MB4,ETT-SFT,2,2025-07-05,0.0,0.0,0.0,0,0,0,0.0
7MB4,ETT-SFT,2,2025-07-12,0.0,0.0,0.0,0,0,0,0.0
7MB4,ETT-SFT,2,2025-07-19,0.0,0.0,0.0,0,0,0,0.0
7MB4,ETT-SFT,2,2025-07-26,751.0272000000001,664.464,0.8847402597402597,14,14,97,664.464
7MB4,ETT-SFT,2,2025-08-16,0.0,0.0,0.0,0,0,0,0.0
7MB4,ETT-SFT,2,2025-08-23,409.65119999999996,268.224,0.6547619047619048,6,6,35,268.224
7MB4,ETT-SFT,2,2025-08-30,409.65119999999996,146.304,0.3571428571428572,6,6,24,146.304
7MB4,ETT-SFT,2,2025-09-06,0.0,0.0,0.0,0,0,0,0.0
7MB4,ETT-SFT,2,2025-09-13,341.376,121.92,0.35714285714285715,5,5,19,121.92
7MB4,ETT-SFT,2,2025-09-20,0.0,0.0,0.0,0,0,0,0.0
7MB4,ETT-SFT,2,2025-09-27,921.7152000000002,841.2480000000002,0.9126984126984127,21,21,134,1054.608
7MB4,ETT-SFT,2,2025-10-11,409.65119999999996,182.88,0.44642857142857145,6,6,30,182.88
7MB4,ETT-SFT,2,2025-10-18,0.0,0.0,0.0,0,0,0,0.0
7MB4,ETT-SFT,2,2025-10-25,0.0,0.0,0.0,0,0,0,0.0
7MB4,ETT-SFT,2,2025-11-15,555.9552,473.964,0.8525219298245614,8,8,50,473.964
7MB4,ETT-SFT,2,2025-11-29,482.80319999999995,384.048,0.7954545454545455,7,7,38,384.048
7MB4,ETT-SFT,2,2025-12-13,555.9552,462.6864,0.8322368421052632,8,8,47,462.68640000000005
7MB4,ETT-SFT,2,2025-12-20,629.1072,524.256,0.8333333333333333,9,9,63,524.256
7MB4,ETT-SFT,2,2025-12-27,653.4911999999999,560.8319999999999,0.8582089552238805,10,10,74,560.832
7MB4,SFT-BFT,3,2025-01-18,775.4112000000001,677.2656000000001,0.8734276729559748,15,15,88,677.2656000000001
7MB4,SFT-BFT,3,2025-01-25,824.1792000000002,784.2504000000001,0.9515532544378698,17,17,117,1034.1864
7MB4,SFT-BFT,3,2025-02-15,555.9552,432.816,0.7785087719298245,8,8,63,432.81600000000003
7MB4,SFT-BFT,3,2025-02-22,775.4112000000001,701.0400000000001,0.9040880503144654,15,15,86,701.0400000000001
7MB4,SFT-BFT,3,2025-03-08,0.0,0.0,0.0,0,0,0,0.0
7MB4,SFT-BFT,3,2025-03-15,0.0,0.0,0.0,0,0,0,0.0
7MB4,SFT-BFT,3,2025-03-22,273.1008,79.248,0.29017857142857145,4,4,13,79.248
7MB4,SFT-BFT,3,2025-03-29,0.0,0.0,0.0,0,0,0,0.0
7MB4,SFT-BFT,3,2025-04-05,0.0,0.0,0.0,0,0,0,0.0
7MB4,SFT-BFT,3,2025-04-12,482.80319999999995,414.528,0.8585858585858587,7,7,48,414.528
7MB4,SFT-BFT,3,2025-04-19,824.1792000000002,755.9040000000001,0.9171597633136095,17,17,77,755.904
7MB4,SFT-BFT,3,2025-04-26,273.1008,79.248,0.29017857142857145,4,4,13,79.248
7MB4,SFT-BFT,3,2025-05-10,409.65119999999996,128.016,0.3125,6,6,21,128.01600000000002
7MB4,SFT-BFT,3,2025-05-17,409.65119999999996,140.208,0.34226190476190477,6,6,20,140.208
7MB4,SFT-BFT,3,2025-05-24,204.8256,54.864000000000004,0.26785714285714285,3,3,9,54.864000000000004
7MB4,SFT-BFT,3,2025-05-31,204.8256,60.96,0.2976190476190476,3,3,10,60.96
7MB4,SFT-BFT,3,2025-06-07,0.0,0.0,0.0,0,0,0,0.0
7MB4,SFT-BFT,3,2025-06-14,0.0,0.0,0.0,0,0,0,0.0
7MB4,SFT-BFT,3,2025-06-21,0.0,0.0,0.0,0,0,0,0.0
7MB4,SFT-BFT,3,2025-06-28,555.9552,481.58399999999995,0.8662280701754386,8,8,69,481.584
7MB4,SFT-BFT,3,2025-07-05,0.0,0.0,0.0,0,0,0,0.0
7MB4,SFT-BFT,3,2025-07-12,0.0,0.0,0.0,0,0,0,0.0
7MB4,SFT-BFT,3,2025-07-19,68.2752,6.096,0.08928571428571429,1,1,1,6.096
7MB4,SFT-BFT,3,2025-07-26,824.1792000000002,743.712,0.9023668639053253,17,17,105,762.0
7MB4,SFT-BFT,3,2025-08-16,0.0,0.0,0.0,0,0,0,0.0
7MB4,SFT-BFT,3,2025-08-23,409.65119999999996,365.76,0.8928571428571429,6,6,43,365.76
7MB4,SFT-BFT,3,2025-08-30,409.65119999999996,243.84000000000003,0.5952380952380953,6,6,33,243.84
7MB4,SFT-BFT,3,2025-09-06,0.0,0.0,0.0,0,0,0,0.0
7MB4,SFT-BFT,3,2025-09-13,409.65119999999996,219.45600000000002,0.5357142857142858,6,6,27,219.45600000000002
7MB4,SFT-BFT,3,2025-09-20,0.0,0.0,0.0,0,0,0,0.0
7MB4,SFT-BFT,3,2025-09-27,824.1792000000002,743.712,0.9023668639053253,17,17,142,1152.144
7MB4,SFT-BFT,3,2025-10-11,434.0351999999999,280.41600000000005,0.6460674157303373,7,7,42,280.416
7MB4,SFT-BFT,3,2025-10-18,68.2752,6.096,0.08928571428571429,1,1,1,6.096
7MB4,SFT-BFT,3,2025-10-25,0.0,0.0,0.0,0,0,0,0.0
7MB4,SFT-BFT,3,2025-11-15,629.1072,556.8695999999999,0.885174418604651,9,9,58,556.8696
7MB4,SFT-BFT,3,2025-11-29,555.9552,465.1248,0.8366228070175439,8,8,46,465.12480000000005
7MB4,SFT-BFT,3,2025-12-13,629.1072,545.5919999999999,0.8672480620155036,9,9,55,545.592
7MB4,SFT-BFT,3,2025-12-20,702.2592000000001,605.3328,0.8619791666666666,12,12,71,605.3328
7MB4,SFT-BFT,3,2025-12-27,726.6432,641.9088,0.8833892617449666,13,13,82,641.9088
