DATE,OD_PAIR,NUM_BOXES
1/01/2025,AFT-BFT,431.37
1/01/2025,AFT-GBJ,75.61
1/01/2025,AFT-GLT,0.69
1/01/2025,AFT-MFT,1129.79
1/01/2025,AFT-MKY,2.07
1/01/2025,AFT-MOR,17.46
1/01/2025,AFT-PFT,1926.27
1/01/2025,AFT-PLT,0.07
1/01/2025,AFT-ROK,0.89
1/01/2025,AFT-SFT,523.91
1/01/2025,AFT-TVT,8.79
1/01/2025,AFT-WEK,4.2
1/01/2025,AFT-WQX,7.31
1/01/2025,ASP-BFT,4.15
1/01/2025,ASP-MFT,93.47
1/01/2025,ASP-MOR,0.58
1/01/2025,ASP-PFT,1.5
1/01/2025,ASP-SFT,23.05
1/01/2025,BFT-AFT,335.07
1/01/2025,BFT-ASP,2.53
1/01/2025,BFT-BOT,6.22
1/01/2025,BFT-BRT,5.26
1/01/2025,BFT-ETT,36.53
1/01/2025,BFT-KAH,0.7
1/01/2025,BRT-BFT,3.65
1/01/2025,BFT-MFT,4417.85
1/01/2025,BFT-MOR,21.24
1/01/2025,BFT-PFT,1007.89
1/01/2025,BFT-PLT,0.17
1/01/2025,KAH-BFT,0.1
1/01/2025,BFT-SFT,833.69
1/01/2025,BFT-WEK,25.49
1/01/2025,BRT-MFT,230
1/01/2025,BRT-MOR,4.34
1/01/2025,BRT-PFT,19.38
1/01/2025,BRT-SFT,52.27
1/01/2025,GLT-AFT,2.01
1/01/2025,GLT-ETT,0.53
1/01/2025,GLT-MFT,48.7
1/01/2025,GLT-MOR,0.18
1/01/2025,GLT-PFT,5.1
1/01/2025,GLT-SFT,4.27
1/01/2025,KAH-MFT,5.66
1/01/2025,MKY-AFT,2.53
1/01/2025,MKY-BRT,0.09
1/01/2025,MKY-ETT,0.8
1/01/2025,MKY-MFT,18.94
1/01/2025,MKY-MOR,1.33
1/01/2025,MKY-PFT,4.29
1/01/2025,MKY-SFT,4.62
1/01/2025,ROK-AFT,0.52
1/01/2025,ROK-BRT,0.17
1/01/2025,TVT-AFT,11.79
1/01/2025,TVT-ASP,0.09
1/01/2025,WQX-AFT,5.15
1/01/2025,WQX-ASP,0.26
1/01/2025,ROK-MFT,2.48
1/01/2025,ROK-MOR,0.36
1/01/2025,ROK-PFT,7.8
1/01/2025,ROK-SFT,3.64
1/01/2025,TVT-MFT,49.65
1/01/2025,WQX-MFT,23.15
1/01/2025,TVT-PFT,17.32
1/01/2025,TVT-WEK,0.16
1/01/2025,WQX-PFT,8.09
1/01/2025,WQX-WEK,0.08
1/01/2025,TVT-ETT,5.33
1/01/2025,TVT-MOR,52.53
1/01/2025,TVT-SFT,64.71
1/01/2025,WQX-ETT,1.24
1/01/2025,WQX-MOR,1.96
1/01/2025,WQX-SFT,21.87
1/01/2025,MFT-AFT,762.45
1/01/2025,MFT-ASP,27.42
1/01/2025,MFT-BRT,236.8
1/01/2025,MFT-KAH,4.27
1/01/2025,MFT-TEC,0.27
1/01/2025,MFT-WHY,3.46
1/01/2025,PLT-AFT,0.07
1/01/2025,MFT-BFT,4903.89
1/01/2025,MFT-GLT,40.75
1/01/2025,MFT-IFL,0.4
1/01/2025,MFT-MBT,0.16
1/01/2025,MFT-MER,0.56
1/01/2025,MFT-MKY,31.26
1/01/2025,MFT-ROK,8.21
1/01/2025,MFT-TVT,73.37
1/01/2025,MFT-WQX,31.74
1/01/2025,PLT-BFT,0.16
1/01/2025,MFT-PFT,8260.37
1/01/2025,MFT-WEK,32.14
1/01/2025,APD-GRF,1.11
1/01/2025,MFT-ETT,0.05
1/01/2025,MFT-MOR,23.44
1/01/2025,MFT-SFT,612.02
1/01/2025,PLT-SFT,0.32
1/01/2025,GLT-MBT,249
1/01/2025,GLT-MKY,124.38
1/01/2025,GLT-PLT,0.07
1/01/2025,GLT-TSJ,33.73
1/01/2025,GLT-TVT,110.06
1/01/2025,GLT-WQX,75.57
1/01/2025,IFL-MBT,85.5
1/01/2025,IFL-TVT,0.28
1/01/2025,IFL-WQX,0.07
1/01/2025,MBT-GLT,143.82
1/01/2025,MBT-IFL,67.36
1/01/2025,MBT-MER,156.95
1/01/2025,MBT-MKY,707.73
1/01/2025,MBT-ROK,239.6
1/01/2025,MBT-TSJ,132.21
1/01/2025,MBT-TVT,1978.9
1/01/2025,MBT-WQX,1390.4
1/01/2025,MER-GLT,0.17
1/01/2025,MER-MBT,160.1
1/01/2025,MKY-GLT,127.87
1/01/2025,MKY-MBT,718.09
1/01/2025,MKY-ROK,0.21
1/01/2025,MKY-TVT,11.6
1/01/2025,MKY-WQX,1.78
1/01/2025,ROK-IFL,0.24
1/01/2025,ROK-MBT,255.51
1/01/2025,ROK-MER,1.41
1/01/2025,ROK-MKY,1.05
1/01/2025,ROK-TSJ,102.54
1/01/2025,ROK-TVT,25.17
1/01/2025,ROK-WEK,0.14
1/01/2025,ROK-WQX,42.79
1/01/2025,TSJ-GLT,0.07
1/01/2025,TSJ-TVT,1.28
1/01/2025,TSJ-WQX,89.73
1/01/2025,TVT-BFT,0.14
1/01/2025,TVT-GLT,251.54
1/01/2025,TVT-IFL,0.07
1/01/2025,TVT-MBT,1956.65
1/01/2025,TVT-MKY,38.99
1/01/2025,TVT-ROK,143.11
1/01/2025,TVT-TSJ,12.03
1/01/2025,TVT-WQX,21.09
1/01/2025,WQX-GLT,73.08
1/01/2025,WQX-IFL,15.16
1/01/2025,WQX-MBT,1303
1/01/2025,WQX-MKY,2.63
1/01/2025,WQX-ROK,38.57
1/01/2025,WQX-TSJ,89.59
1/01/2025,WQX-TVT,24.93
1/01/2025,ASP-WEK,0.34
1/01/2025,BRT-AFT,1.93
1/01/2025,ETT-ROK,0.34
1/01/2025,MFT-PLT,1.01
1/01/2025,MOR-SFT,7.1
1/01/2025,PFT-WEK,2.53
1/01/2025,SFT-ETT,67.94
1/01/2025,SFT-GBJ,0.34
1/01/2025,SFT-MOR,10.48
1/01/2025,SFT-PLT,2.87
1/01/2025,SFT-TEC,0.17
1/01/2025,PFT-AFT,2377.18
1/01/2025,PFT-ASP,23.12
1/01/2025,PFT-BRT,212.77
1/01/2025,PFT-KAH,9.54
1/01/2025,PFT-TEC,0.38
1/01/2025,WEK-AFT,1.82
1/01/2025,WEK-BRT,0.08
1/01/2025,PFT-BFT,912.58
1/01/2025,PFT-GLT,7.6
1/01/2025,PFT-MKY,5.02
1/01/2025,PFT-ROK,47.84
1/01/2025,PFT-TVT,11.56
1/01/2025,PFT-WQX,9.55
1/01/2025,WEK-BFT,37.81
1/01/2025,WEK-GLT,0.1
1/01/2025,WEK-MER,0.1
1/01/2025,WEK-MKY,0.1
1/01/2025,WEK-TVT,0.49
1/01/2025,WEK-WQX,0.1
1/01/2025,PFT-MFT,6548.09
1/01/2025,WEK-MFT,25.56
1/01/2025,PFT-GBJ,274.74
1/01/2025,PFT-MOR,18.67
1/01/2025,PFT-PLT,1.11
1/01/2025,PFT-SFT,2948.16
1/01/2025,WEK-MOR,0.2
1/01/2025,WEK-SFT,12.95
1/01/2025,GBJ-AFT,53.68
1/01/2025,MOR-AFT,49.15
1/01/2025,MOR-ASP,0.36
1/01/2025,MOR-BRT,3.45
1/01/2025,MOR-KAH,1.22
1/01/2025,SFT-AFT,231.85
1/01/2025,SFT-ASP,6.18
1/01/2025,SFT-BRT,72.99
1/01/2025,SFT-KAH,1.8
1/01/2025,ETT-BFT,28.9
1/01/2025,ETT-GLT,0.49
1/01/2025,ETT-MKY,0.42
1/01/2025,ETT-SFT,29.32
1/01/2025,ETT-TVT,3.3
1/01/2025,ETT-WQX,0.14
1/01/2025,GBJ-BFT,5.56
1/01/2025,MOR-BFT,21.8
1/01/2025,MOR-GLT,0.56
1/01/2025,MOR-MKY,3.59
1/01/2025,MOR-ROK,4.5
1/01/2025,MOR-TVT,49.85
1/01/2025,MOR-WQX,5.77
1/01/2025,SFT-BFT,528.67
1/01/2025,SFT-GLT,17.44
1/01/2025,SFT-IFL,0
1/01/2025,SFT-MBT,0.21
1/01/2025,SFT-MKY,34.66
1/01/2025,SFT-ROK,11.11
1/01/2025,SFT-TVT,71.43
1/01/2025,SFT-WQX,26.08
1/01/2025,MOR-MFT,97.34
1/01/2025,SFT-MFT,695.91
1/01/2025,GBJ-PFT,276.45
1/01/2025,MOR-PFT,96.03
1/01/2025,PLT-PFT,1.55
1/01/2025,SFT-PFT,3330.41
1/01/2025,SFT-WEK,14.73
1/02/2025,AFT-BFT,365.41
1/02/2025,AFT-GBJ,77.52
1/02/2025,AFT-GLT,0.59
1/02/2025,AFT-MFT,1187.77
1/02/2025,AFT-MKY,1.76
1/02/2025,AFT-MOR,17.9
1/02/2025,AFT-PFT,1711.49
1/02/2025,AFT-PLT,0.07
1/02/2025,AFT-ROK,0.75
1/02/2025,AFT-SFT,537.18
1/02/2025,AFT-TVT,7.45
1/02/2025,AFT-WEK,3.73
1/02/2025,AFT-WQX,6.19
1/02/2025,ASP-BFT,3.51
1/02/2025,ASP-MFT,98.27
1/02/2025,ASP-MOR,0.59
1/02/2025,ASP-PFT,1.33
1/02/2025,ASP-SFT,23.63
1/02/2025,BFT-AFT,275.51
1/02/2025,BFT-ASP,2.08
1/02/2025,BFT-BOT,4.34
1/02/2025,BFT-BRT,4.32
1/02/2025,BFT-ETT,25.45
1/02/2025,BFT-KAH,0.57
1/02/2025,BRT-BFT,3.1
1/02/2025,BFT-MFT,4060.72
1/02/2025,BFT-MOR,14.8
1/02/2025,BFT-PFT,801.53
1/02/2025,BFT-PLT,0.15
1/02/2025,KAH-BFT,0.08
1/02/2025,BFT-SFT,580.88
1/02/2025,BFT-WEK,20.27
1/02/2025,BRT-MFT,241.8
1/02/2025,BRT-MOR,4.45
1/02/2025,BRT-PFT,17.21
1/02/2025,BRT-SFT,53.59
1/02/2025,GLT-AFT,1.65
1/02/2025,GLT-ETT,0.37
1/02/2025,GLT-MFT,44.77
1/02/2025,GLT-MOR,0.12
1/02/2025,GLT-PFT,4.05
1/02/2025,GLT-SFT,2.97
1/02/2025,KAH-MFT,5.95
1/02/2025,MKY-AFT,2.08
1/02/2025,MKY-BRT,0.07
1/02/2025,MKY-ETT,0.56
1/02/2025,MKY-MFT,17.41
1/02/2025,MKY-MOR,0.93
1/02/2025,MKY-PFT,3.41
1/02/2025,MKY-SFT,3.22
1/02/2025,ROK-AFT,0.43
1/02/2025,ROK-BRT,0.14
1/02/2025,TVT-AFT,9.7
1/02/2025,TVT-ASP,0.07
1/02/2025,WQX-AFT,4.24
1/02/2025,WQX-ASP,0.22
1/02/2025,ROK-MFT,2.28
1/02/2025,ROK-MOR,0.25
1/02/2025,ROK-PFT,6.2
1/02/2025,ROK-SFT,2.54
1/02/2025,TVT-MFT,45.63
1/02/2025,WQX-MFT,21.28
1/02/2025,TVT-PFT,13.77
1/02/2025,TVT-WEK,0.13
1/02/2025,WQX-PFT,6.44
1/02/2025,WQX-WEK,0.06
1/02/2025,TVT-ETT,3.72
1/02/2025,TVT-MOR,36.6
1/02/2025,TVT-SFT,45.09
1/02/2025,WQX-ETT,0.87
1/02/2025,WQX-MOR,1.36
1/02/2025,WQX-SFT,15.24
1/02/2025,MFT-AFT,757.21
1/02/2025,MFT-ASP,27.23
1/02/2025,MFT-BRT,235.18
1/02/2025,MFT-KAH,4.24
1/02/2025,MFT-TEC,0.27
1/02/2025,MFT-WHY,3.43
1/02/2025,PLT-AFT,0.07
1/02/2025,MFT-BFT,4404.19
1/02/2025,MFT-GLT,36.6
1/02/2025,MFT-IFL,0.36
1/02/2025,MFT-MBT,0.14
1/02/2025,MFT-MER,0.5
1/02/2025,MFT-MKY,28.08
1/02/2025,MFT-ROK,7.38
1/02/2025,MFT-TVT,65.89
1/02/2025,MFT-WQX,28.51
1/02/2025,PLT-BFT,0.14
1/02/2025,MFT-PFT,7556.35
1/02/2025,MFT-WEK,29.4
1/02/2025,APD-GRF,1.12
1/02/2025,MFT-ETT,0.05
1/02/2025,MFT-MOR,23.63
1/02/2025,MFT-SFT,617.13
1/02/2025,PLT-SFT,0.32
1/02/2025,GLT-MBT,260.34
1/02/2025,GLT-MKY,130.05
1/02/2025,GLT-PLT,0.07
1/02/2025,GLT-TSJ,35.26
1/02/2025,GLT-TVT,115.08
1/02/2025,GLT-WQX,79.01
1/02/2025,IFL-MBT,89.4
1/02/2025,IFL-TVT,0.3
1/02/2025,IFL-WQX,0.07
1/02/2025,MBT-GLT,150.37
1/02/2025,MBT-IFL,70.42
1/02/2025,MBT-MER,164.1
1/02/2025,MBT-MKY,739.97
1/02/2025,MBT-ROK,250.51
1/02/2025,MBT-TSJ,138.23
1/02/2025,MBT-TVT,2069.03
1/02/2025,MBT-WQX,1453.73
1/02/2025,MER-GLT,0.18
1/02/2025,MER-MBT,167.39
1/02/2025,MKY-GLT,133.69
1/02/2025,MKY-MBT,750.8
1/02/2025,MKY-ROK,0.22
1/02/2025,MKY-TVT,12.13
1/02/2025,MKY-WQX,1.86
1/02/2025,ROK-IFL,0.25
1/02/2025,ROK-MBT,267.14
1/02/2025,ROK-MER,1.47
1/02/2025,ROK-MKY,1.1
1/02/2025,ROK-TSJ,107.21
1/02/2025,ROK-TVT,26.32
1/02/2025,ROK-WEK,0.15
1/02/2025,ROK-WQX,44.73
1/02/2025,TSJ-GLT,0.07
1/02/2025,TSJ-TVT,1.34
1/02/2025,TSJ-WQX,93.81
1/02/2025,TVT-BFT,0.15
1/02/2025,TVT-GLT,262.99
1/02/2025,TVT-IFL,0.07
1/02/2025,TVT-MBT,2045.78
1/02/2025,TVT-MKY,40.77
1/02/2025,TVT-ROK,149.63
1/02/2025,TVT-TSJ,12.57
1/02/2025,TVT-WQX,22.05
1/02/2025,WQX-GLT,76.41
1/02/2025,WQX-IFL,15.85
1/02/2025,WQX-MBT,1362.35
1/02/2025,WQX-MKY,2.75
1/02/2025,WQX-ROK,40.32
1/02/2025,WQX-TSJ,93.67
1/02/2025,WQX-TVT,26.07
1/02/2025,ASP-WEK,0.31
1/02/2025,BRT-AFT,1.76
1/02/2025,ETT-ROK,0.31
1/02/2025,MFT-PLT,0.93
1/02/2025,MOR-SFT,6.5
1/02/2025,PFT-WEK,2.32
1/02/2025,SFT-ETT,62.21
1/02/2025,SFT-GBJ,0.31
1/02/2025,SFT-MOR,9.59
1/02/2025,SFT-PLT,2.63
1/02/2025,SFT-TEC,0.15
1/02/2025,PFT-AFT,2170.32
1/02/2025,PFT-ASP,21.11
1/02/2025,PFT-BRT,194.26
1/02/2025,PFT-KAH,8.71
1/02/2025,PFT-TEC,0.35
1/02/2025,WEK-AFT,1.66
1/02/2025,WEK-BRT,0.07
1/02/2025,PFT-BFT,840.57
1/02/2025,PFT-GLT,7
1/02/2025,PFT-MKY,4.63
1/02/2025,PFT-ROK,44.06
1/02/2025,PFT-TVT,10.65
1/02/2025,PFT-WQX,8.8
1/02/2025,WEK-BFT,34.83
1/02/2025,WEK-GLT,0.09
1/02/2025,WEK-MER,0.09
1/02/2025,WEK-MKY,0.09
1/02/2025,WEK-TVT,0.45
1/02/2025,WEK-WQX,0.09
1/02/2025,PFT-MFT,5819.31
1/02/2025,WEK-MFT,22.71
1/02/2025,PFT-GBJ,272.47
1/02/2025,PFT-MOR,18.52
1/02/2025,PFT-PLT,1.1
1/02/2025,PFT-SFT,2923.83
1/02/2025,WEK-MOR,0.19
1/02/2025,WEK-SFT,12.84
1/02/2025,GBJ-AFT,51
1/02/2025,MOR-AFT,46.7
1/02/2025,MOR-ASP,0.34
1/02/2025,MOR-BRT,3.28
1/02/2025,MOR-KAH,1.16
1/02/2025,SFT-AFT,220.28
1/02/2025,SFT-ASP,5.87
1/02/2025,SFT-BRT,69.35
1/02/2025,SFT-KAH,1.71
1/02/2025,ETT-BFT,24.15
1/02/2025,ETT-GLT,0.41
1/02/2025,ETT-MKY,0.35
1/02/2025,ETT-SFT,24.5
1/02/2025,ETT-TVT,2.76
1/02/2025,ETT-WQX,0.12
1/02/2025,GBJ-BFT,4.65
1/02/2025,MOR-BFT,18.21
1/02/2025,MOR-GLT,0.47
1/02/2025,MOR-MKY,3
1/02/2025,MOR-ROK,3.76
1/02/2025,MOR-TVT,41.65
1/02/2025,MOR-WQX,4.82
1/02/2025,SFT-BFT,441.74
1/02/2025,SFT-GLT,14.57
1/02/2025,SFT-IFL,0
1/02/2025,SFT-MBT,0.18
1/02/2025,SFT-MKY,28.96
1/02/2025,SFT-ROK,9.28
1/02/2025,SFT-TVT,59.69
1/02/2025,SFT-WQX,21.8
1/02/2025,MOR-MFT,102.27
1/02/2025,SFT-MFT,731.16
1/02/2025,GBJ-PFT,274.01
1/02/2025,MOR-PFT,95.18
1/02/2025,PLT-PFT,1.53
1/02/2025,SFT-PFT,3301.08
1/02/2025,SFT-WEK,14.6
1/03/2025,AFT-BFT,305.25
1/03/2025,AFT-GBJ,79.07
1/03/2025,AFT-GLT,0.49
1/03/2025,AFT-MFT,1397.03
1/03/2025,AFT-MKY,1.47
1/03/2025,AFT-MOR,18.25
1/03/2025,AFT-PFT,2058.48
1/03/2025,AFT-PLT,0.09
1/03/2025,AFT-ROK,0.63
1/03/2025,AFT-SFT,547.85
1/03/2025,AFT-TVT,6.22
1/03/2025,AFT-WEK,4.49
1/03/2025,AFT-WQX,5.17
1/03/2025,ASP-BFT,2.94
1/03/2025,ASP-MFT,115.58
1/03/2025,ASP-MOR,0.61
1/03/2025,ASP-PFT,1.6
1/03/2025,ASP-SFT,24.1
1/03/2025,BFT-AFT,264.71
1/03/2025,BFT-ASP,2
1/03/2025,BFT-BOT,3.07
1/03/2025,BFT-BRT,4.15
1/03/2025,BFT-ETT,18.01
1/03/2025,BFT-KAH,0.55
1/03/2025,BRT-BFT,2.59
1/03/2025,BFT-MFT,3465.31
1/03/2025,BFT-MOR,10.47
1/03/2025,BFT-PFT,725.05
1/03/2025,BFT-PLT,0.13
1/03/2025,KAH-BFT,0.07
1/03/2025,BFT-SFT,411.03
1/03/2025,BFT-WEK,18.34
1/03/2025,BRT-MFT,284.4
1/03/2025,BRT-MOR,4.54
1/03/2025,BRT-PFT,20.7
1/03/2025,BRT-SFT,54.66
1/03/2025,GLT-AFT,1.59
1/03/2025,GLT-ETT,0.26
1/03/2025,GLT-MFT,38.2
1/03/2025,GLT-MOR,0.09
1/03/2025,GLT-PFT,3.67
1/03/2025,GLT-SFT,2.1
1/03/2025,KAH-MFT,7
1/03/2025,MKY-AFT,2
1/03/2025,MKY-BRT,0.07
1/03/2025,MKY-ETT,0.39
1/03/2025,MKY-MFT,14.85
1/03/2025,MKY-MOR,0.66
1/03/2025,MKY-PFT,3.09
1/03/2025,MKY-SFT,2.28
1/03/2025,ROK-AFT,0.41
1/03/2025,ROK-BRT,0.14
1/03/2025,TVT-AFT,9.32
1/03/2025,TVT-ASP,0.07
1/03/2025,WQX-AFT,4.07
1/03/2025,WQX-ASP,0.21
1/03/2025,ROK-MFT,1.95
1/03/2025,ROK-MOR,0.18
1/03/2025,ROK-PFT,5.61
1/03/2025,ROK-SFT,1.8
1/03/2025,TVT-MFT,38.94
1/03/2025,WQX-MFT,18.16
1/03/2025,TVT-PFT,12.46
1/03/2025,TVT-WEK,0.12
1/03/2025,WQX-PFT,5.82
1/03/2025,WQX-WEK,0.06
1/03/2025,TVT-ETT,2.63
1/03/2025,TVT-MOR,25.9
1/03/2025,TVT-SFT,31.9
1/03/2025,WQX-ETT,0.61
1/03/2025,WQX-MOR,0.96
1/03/2025,WQX-SFT,10.78
1/03/2025,MFT-AFT,746.97
1/03/2025,MFT-ASP,26.86
1/03/2025,MFT-BRT,232
1/03/2025,MFT-KAH,4.18
1/03/2025,MFT-TEC,0.27
1/03/2025,MFT-WHY,3.39
1/03/2025,PLT-AFT,0.07
1/03/2025,MFT-BFT,3766.15
1/03/2025,MFT-GLT,31.3
1/03/2025,MFT-IFL,0.31
1/03/2025,MFT-MBT,0.12
1/03/2025,MFT-MER,0.43
1/03/2025,MFT-MKY,24.01
1/03/2025,MFT-ROK,6.31
1/03/2025,MFT-TVT,56.35
1/03/2025,MFT-WQX,24.38
1/03/2025,PLT-BFT,0.12
1/03/2025,MFT-PFT,9353.25
1/03/2025,MFT-WEK,36.4
1/03/2025,APD-GRF,0.87
1/03/2025,MFT-ETT,0.04
1/03/2025,MFT-MOR,18.45
1/03/2025,MFT-SFT,481.84
1/03/2025,PLT-SFT,0.25
1/03/2025,GLT-MBT,277.81
1/03/2025,GLT-MKY,138.77
1/03/2025,GLT-PLT,0.08
1/03/2025,GLT-TSJ,37.63
1/03/2025,GLT-TVT,122.8
1/03/2025,GLT-WQX,84.31
1/03/2025,IFL-MBT,95.39
1/03/2025,IFL-TVT,0.32
1/03/2025,IFL-WQX,0.08
1/03/2025,MBT-GLT,160.46
1/03/2025,MBT-IFL,75.15
1/03/2025,MBT-MER,175.11
1/03/2025,MBT-MKY,789.61
1/03/2025,MBT-ROK,267.32
1/03/2025,MBT-TSJ,147.5
1/03/2025,MBT-TVT,2207.85
1/03/2025,MBT-WQX,1551.26
1/03/2025,MER-GLT,0.19
1/03/2025,MER-MBT,178.62
1/03/2025,MKY-GLT,142.66
1/03/2025,MKY-MBT,801.17
1/03/2025,MKY-ROK,0.24
1/03/2025,MKY-TVT,12.94
1/03/2025,MKY-WQX,1.98
1/03/2025,ROK-IFL,0.27
1/03/2025,ROK-MBT,285.07
1/03/2025,ROK-MER,1.57
1/03/2025,ROK-MKY,1.17
1/03/2025,ROK-TSJ,114.4
1/03/2025,ROK-TVT,28.09
1/03/2025,ROK-WEK,0.16
1/03/2025,ROK-WQX,47.74
1/03/2025,TSJ-GLT,0.08
1/03/2025,TSJ-TVT,1.43
1/03/2025,TSJ-WQX,100.11
1/03/2025,TVT-BFT,0.16
1/03/2025,TVT-GLT,280.64
1/03/2025,TVT-IFL,0.08
1/03/2025,TVT-MBT,2183.03
1/03/2025,TVT-MKY,43.5
1/03/2025,TVT-ROK,159.67
1/03/2025,TVT-TSJ,13.42
1/03/2025,TVT-WQX,23.53
1/03/2025,WQX-GLT,81.53
1/03/2025,WQX-IFL,16.91
1/03/2025,WQX-MBT,1453.75
1/03/2025,WQX-MKY,2.94
1/03/2025,WQX-ROK,43.03
1/03/2025,WQX-TSJ,99.95
1/03/2025,WQX-TVT,27.82
1/03/2025,ASP-WEK,0.36
1/03/2025,BRT-AFT,2.05
1/03/2025,ETT-ROK,0.36
1/03/2025,MFT-PLT,1.08
1/03/2025,MOR-SFT,7.57
1/03/2025,PFT-WEK,2.7
1/03/2025,SFT-ETT,72.45
1/03/2025,SFT-GBJ,0.36
1/03/2025,SFT-MOR,11.17
1/03/2025,SFT-PLT,3.06
1/03/2025,SFT-TEC,0.18
1/03/2025,PFT-AFT,3047.14
1/03/2025,PFT-ASP,29.63
1/03/2025,PFT-BRT,272.74
1/03/2025,PFT-KAH,12.23
1/03/2025,PFT-TEC,0.49
1/03/2025,WEK-AFT,2.33
1/03/2025,WEK-BRT,0.1
1/03/2025,PFT-BFT,918.38
1/03/2025,PFT-GLT,7.65
1/03/2025,PFT-MKY,5.05
1/03/2025,PFT-ROK,48.14
1/03/2025,PFT-TVT,11.63
1/03/2025,PFT-WQX,9.61
1/03/2025,WEK-BFT,38.06
1/03/2025,WEK-GLT,0.1
1/03/2025,WEK-MER,0.1
1/03/2025,WEK-MKY,0.1
1/03/2025,WEK-TVT,0.5
1/03/2025,WEK-WQX,0.1
1/03/2025,PFT-MFT,7409.06
1/03/2025,WEK-MFT,28.92
1/03/2025,PFT-GBJ,328.58
1/03/2025,PFT-MOR,22.33
1/03/2025,PFT-PLT,1.32
1/03/2025,PFT-SFT,3525.91
1/03/2025,WEK-MOR,0.23
1/03/2025,WEK-SFT,15.48
1/03/2025,GBJ-AFT,44.06
1/03/2025,MOR-AFT,40.35
1/03/2025,MOR-ASP,0.29
1/03/2025,MOR-BRT,2.83
1/03/2025,MOR-KAH,1
1/03/2025,SFT-AFT,190.32
1/03/2025,SFT-ASP,5.07
1/03/2025,SFT-BRT,59.92
1/03/2025,SFT-KAH,1.47
1/03/2025,ETT-BFT,15.01
1/03/2025,ETT-GLT,0.26
1/03/2025,ETT-MKY,0.22
1/03/2025,ETT-SFT,15.23
1/03/2025,ETT-TVT,1.72
1/03/2025,ETT-WQX,0.07
1/03/2025,GBJ-BFT,2.89
1/03/2025,MOR-BFT,11.32
1/03/2025,MOR-GLT,0.29
1/03/2025,MOR-MKY,1.86
1/03/2025,MOR-ROK,2.34
1/03/2025,MOR-TVT,25.89
1/03/2025,MOR-WQX,2.99
1/03/2025,SFT-BFT,274.56
1/03/2025,SFT-GLT,9.06
1/03/2025,SFT-IFL,0
1/03/2025,SFT-MBT,0.11
1/03/2025,SFT-MKY,18
1/03/2025,SFT-ROK,5.77
1/03/2025,SFT-TVT,37.1
1/03/2025,SFT-WQX,13.55
1/03/2025,MOR-MFT,81.75
1/03/2025,SFT-MFT,584.5
1/03/2025,GBJ-PFT,338.34
1/03/2025,MOR-PFT,117.53
1/03/2025,PLT-PFT,1.89
1/03/2025,SFT-PFT,4075.97
1/03/2025,SFT-WEK,18.02
1/04/2025,AFT-BFT,348.32
1/04/2025,AFT-GBJ,78.79
1/04/2025,AFT-GLT,0.56
1/04/2025,AFT-MFT,1414.72
1/04/2025,AFT-MKY,1.67
1/04/2025,AFT-MOR,18.19
1/04/2025,AFT-PFT,1656.46
1/04/2025,AFT-PLT,0.09
1/04/2025,AFT-ROK,0.72
1/04/2025,AFT-SFT,545.95
1/04/2025,AFT-TVT,7.1
1/04/2025,AFT-WEK,3.61
1/04/2025,AFT-WQX,5.9
1/04/2025,ASP-BFT,3.35
1/04/2025,ASP-MFT,117.04
1/04/2025,ASP-MOR,0.6
1/04/2025,ASP-PFT,1.29
1/04/2025,ASP-SFT,24.02
1/04/2025,BFT-AFT,322.63
1/04/2025,BFT-ASP,2.44
1/04/2025,BFT-BOT,3.94
1/04/2025,BFT-BRT,5.06
1/04/2025,BFT-ETT,23.15
1/04/2025,BFT-KAH,0.67
1/04/2025,BRT-BFT,2.95
1/04/2025,BFT-MFT,3987.34
1/04/2025,BFT-MOR,13.46
1/04/2025,BFT-PFT,1073.91
1/04/2025,BFT-PLT,0.15
1/04/2025,KAH-BFT,0.08
1/04/2025,BFT-SFT,528.31
1/04/2025,BFT-WEK,27.16
1/04/2025,BRT-MFT,288
1/04/2025,BRT-MOR,4.52
1/04/2025,BRT-PFT,16.66
1/04/2025,BRT-SFT,54.47
1/04/2025,GLT-AFT,1.93
1/04/2025,GLT-ETT,0.34
1/04/2025,GLT-MFT,43.96
1/04/2025,GLT-MOR,0.11
1/04/2025,GLT-PFT,5.43
1/04/2025,GLT-SFT,2.7
1/04/2025,KAH-MFT,7.09
1/04/2025,MKY-AFT,2.44
1/04/2025,MKY-BRT,0.08
1/04/2025,MKY-ETT,0.51
1/04/2025,MKY-MFT,17.09
1/04/2025,MKY-MOR,0.84
1/04/2025,MKY-PFT,4.57
1/04/2025,MKY-SFT,2.93
1/04/2025,ROK-AFT,0.5
1/04/2025,ROK-BRT,0.17
1/04/2025,TVT-AFT,11.36
1/04/2025,TVT-ASP,0.08
1/04/2025,WQX-AFT,4.96
1/04/2025,WQX-ASP,0.25
1/04/2025,ROK-MFT,2.24
1/04/2025,ROK-MOR,0.23
1/04/2025,ROK-PFT,8.31
1/04/2025,ROK-SFT,2.31
1/04/2025,TVT-MFT,44.81
1/04/2025,WQX-MFT,20.9
1/04/2025,TVT-PFT,18.45
1/04/2025,TVT-WEK,0.17
1/04/2025,WQX-PFT,8.62
1/04/2025,WQX-WEK,0.09
1/04/2025,TVT-ETT,3.38
1/04/2025,TVT-MOR,33.29
1/04/2025,TVT-SFT,41.01
1/04/2025,WQX-ETT,0.79
1/04/2025,WQX-MOR,1.24
1/04/2025,WQX-SFT,13.86
1/04/2025,MFT-AFT,670.48
1/04/2025,MFT-ASP,24.11
1/04/2025,MFT-BRT,208.24
1/04/2025,MFT-KAH,3.75
1/04/2025,MFT-TEC,0.24
1/04/2025,MFT-WHY,3.04
1/04/2025,PLT-AFT,0.06
1/04/2025,MFT-BFT,4696.63
1/04/2025,MFT-GLT,39.03
1/04/2025,MFT-IFL,0.38
1/04/2025,MFT-MBT,0.15
1/04/2025,MFT-MER,0.53
1/04/2025,MFT-MKY,29.94
1/04/2025,MFT-ROK,7.87
1/04/2025,MFT-TVT,70.27
1/04/2025,MFT-WQX,30.4
1/04/2025,PLT-BFT,0.15
1/04/2025,MFT-PFT,8547.05
1/04/2025,MFT-WEK,33.26
1/04/2025,APD-GRF,0.89
1/04/2025,MFT-ETT,0.04
1/04/2025,MFT-MOR,18.75
1/04/2025,MFT-SFT,489.68
1/04/2025,PLT-SFT,0.25
1/04/2025,GLT-MBT,265.52
1/04/2025,GLT-MKY,132.63
1/04/2025,GLT-PLT,0.08
1/04/2025,GLT-TSJ,35.96
1/04/2025,GLT-TVT,117.36
1/04/2025,GLT-WQX,80.58
1/04/2025,IFL-MBT,91.17
1/04/2025,IFL-TVT,0.3
1/04/2025,IFL-WQX,0.08
1/04/2025,MBT-GLT,153.36
1/04/2025,MBT-IFL,71.82
1/04/2025,MBT-MER,167.36
1/04/2025,MBT-MKY,754.67
1/04/2025,MBT-ROK,255.49
1/04/2025,MBT-TSJ,140.98
1/04/2025,MBT-TVT,2110.14
1/04/2025,MBT-WQX,1482.61
1/04/2025,MER-GLT,0.18
1/04/2025,MER-MBT,170.72
1/04/2025,MKY-GLT,136.35
1/04/2025,MKY-MBT,765.71
1/04/2025,MKY-ROK,0.23
1/04/2025,MKY-TVT,12.37
1/04/2025,MKY-WQX,1.9
1/04/2025,ROK-IFL,0.26
1/04/2025,ROK-MBT,272.45
1/04/2025,ROK-MER,1.5
1/04/2025,ROK-MKY,1.12
1/04/2025,ROK-TSJ,109.34
1/04/2025,ROK-TVT,26.84
1/04/2025,ROK-WEK,0.15
1/04/2025,ROK-WQX,45.62
1/04/2025,TSJ-GLT,0.08
1/04/2025,TSJ-TVT,1.37
1/04/2025,TSJ-WQX,95.68
1/04/2025,TVT-BFT,0.15
1/04/2025,TVT-GLT,268.22
1/04/2025,TVT-IFL,0.08
1/04/2025,TVT-MBT,2086.42
1/04/2025,TVT-MKY,41.58
1/04/2025,TVT-ROK,152.6
1/04/2025,TVT-TSJ,12.82
1/04/2025,TVT-WQX,22.49
1/04/2025,WQX-GLT,77.92
1/04/2025,WQX-IFL,16.16
1/04/2025,WQX-MBT,1389.41
1/04/2025,WQX-MKY,2.81
1/04/2025,WQX-ROK,41.12
1/04/2025,WQX-TSJ,95.53
1/04/2025,WQX-TVT,26.59
1/04/2025,ASP-WEK,0.45
1/04/2025,BRT-AFT,2.55
1/04/2025,ETT-ROK,0.45
1/04/2025,MFT-PLT,1.34
1/04/2025,MOR-SFT,9.41
1/04/2025,PFT-WEK,3.36
1/04/2025,SFT-ETT,90.07
1/04/2025,SFT-GBJ,0.45
1/04/2025,SFT-MOR,13.89
1/04/2025,SFT-PLT,3.81
1/04/2025,SFT-TEC,0.22
1/04/2025,PFT-AFT,2549.47
1/04/2025,PFT-ASP,24.79
1/04/2025,PFT-BRT,228.19
1/04/2025,PFT-KAH,10.24
1/04/2025,PFT-TEC,0.41
1/04/2025,WEK-AFT,1.95
1/04/2025,WEK-BRT,0.08
1/04/2025,PFT-BFT,984.39
1/04/2025,PFT-GLT,8.2
1/04/2025,PFT-MKY,5.42
1/04/2025,PFT-ROK,51.6
1/04/2025,PFT-TVT,12.47
1/04/2025,PFT-WQX,10.3
1/04/2025,WEK-BFT,40.79
1/04/2025,WEK-GLT,0.11
1/04/2025,WEK-MER,0.11
1/04/2025,WEK-MKY,0.11
1/04/2025,WEK-TVT,0.53
1/04/2025,WEK-WQX,0.11
1/04/2025,PFT-MFT,6811.42
1/04/2025,WEK-MFT,26.59
1/04/2025,PFT-GBJ,332.84
1/04/2025,PFT-MOR,22.62
1/04/2025,PFT-PLT,1.34
1/04/2025,PFT-SFT,3571.66
1/04/2025,WEK-MOR,0.24
1/04/2025,WEK-SFT,15.69
1/04/2025,GBJ-AFT,45.89
1/04/2025,MOR-AFT,42.02
1/04/2025,MOR-ASP,0.31
1/04/2025,MOR-BRT,2.95
1/04/2025,MOR-KAH,1.04
1/04/2025,SFT-AFT,198.22
1/04/2025,SFT-ASP,5.28
1/04/2025,SFT-BRT,62.41
1/04/2025,SFT-KAH,1.53
1/04/2025,ETT-BFT,26.58
1/04/2025,ETT-GLT,0.45
1/04/2025,ETT-MKY,0.39
1/04/2025,ETT-SFT,26.97
1/04/2025,ETT-TVT,3.04
1/04/2025,ETT-WQX,0.13
1/04/2025,GBJ-BFT,5.12
1/04/2025,MOR-BFT,20.05
1/04/2025,MOR-GLT,0.52
1/04/2025,MOR-MKY,3.3
1/04/2025,MOR-ROK,4.14
1/04/2025,MOR-TVT,45.85
1/04/2025,MOR-WQX,5.3
1/04/2025,SFT-BFT,486.25
1/04/2025,SFT-GLT,16.04
1/04/2025,SFT-IFL,0
1/04/2025,SFT-MBT,0.19
1/04/2025,SFT-MKY,31.88
1/04/2025,SFT-ROK,10.22
1/04/2025,SFT-TVT,65.7
1/04/2025,SFT-WQX,23.99
1/04/2025,MOR-MFT,86.31
1/04/2025,SFT-MFT,617.07
1/04/2025,GBJ-PFT,310.71
1/04/2025,MOR-PFT,107.93
1/04/2025,PLT-PFT,1.74
1/04/2025,SFT-PFT,3743.2
1/04/2025,SFT-WEK,16.55
1/05/2025,AFT-BFT,330.85
1/05/2025,AFT-GBJ,91.09
1/05/2025,AFT-GLT,0.53
1/05/2025,AFT-MFT,1461.02
1/05/2025,AFT-MKY,1.59
1/05/2025,AFT-MOR,21.03
1/05/2025,AFT-PFT,1956.98
1/05/2025,AFT-PLT,0.09
1/05/2025,AFT-ROK,0.68
1/05/2025,AFT-SFT,631.19
1/05/2025,AFT-TVT,6.74
1/05/2025,AFT-WEK,4.27
1/05/2025,AFT-WQX,5.61
1/05/2025,ASP-BFT,3.18
1/05/2025,ASP-MFT,120.87
1/05/2025,ASP-MOR,0.7
1/05/2025,ASP-PFT,1.52
1/05/2025,ASP-SFT,27.77
1/05/2025,BFT-AFT,392.73
1/05/2025,BFT-ASP,2.97
1/05/2025,BFT-BOT,4.19
1/05/2025,BFT-BRT,6.16
1/05/2025,BFT-ETT,24.63
1/05/2025,BFT-KAH,0.82
1/05/2025,BRT-BFT,2.8
1/05/2025,BFT-MFT,4182.01
1/05/2025,BFT-MOR,14.32
1/05/2025,BFT-PFT,1047.61
1/05/2025,BFT-PLT,0.16
1/05/2025,KAH-BFT,0.08
1/05/2025,BFT-SFT,561.97
1/05/2025,BFT-WEK,26.5
1/05/2025,BRT-MFT,297.42
1/05/2025,BRT-MOR,5.23
1/05/2025,BRT-PFT,19.68
1/05/2025,BRT-SFT,62.97
1/05/2025,GLT-AFT,2.36
1/05/2025,GLT-ETT,0.36
1/05/2025,GLT-MFT,46.1
1/05/2025,GLT-MOR,0.12
1/05/2025,GLT-PFT,5.3
1/05/2025,GLT-SFT,2.88
1/05/2025,KAH-MFT,7.32
1/05/2025,MKY-AFT,2.97
1/05/2025,MKY-BRT,0.1
1/05/2025,MKY-ETT,0.54
1/05/2025,MKY-MFT,17.93
1/05/2025,MKY-MOR,0.9
1/05/2025,MKY-PFT,4.46
1/05/2025,MKY-SFT,3.12
1/05/2025,ROK-AFT,0.61
1/05/2025,ROK-BRT,0.2
1/05/2025,TVT-AFT,13.82
1/05/2025,TVT-ASP,0.1
1/05/2025,WQX-AFT,6.04
1/05/2025,WQX-ASP,0.31
1/05/2025,ROK-MFT,2.35
1/05/2025,ROK-MOR,0.24
1/05/2025,ROK-PFT,8.11
1/05/2025,ROK-SFT,2.46
1/05/2025,TVT-MFT,47
1/05/2025,WQX-MFT,21.92
1/05/2025,TVT-PFT,18
1/05/2025,TVT-WEK,0.17
1/05/2025,WQX-PFT,8.41
1/05/2025,WQX-WEK,0.08
1/05/2025,TVT-ETT,3.59
1/05/2025,TVT-MOR,35.41
1/05/2025,TVT-SFT,43.62
1/05/2025,WQX-ETT,0.84
1/05/2025,WQX-MOR,1.32
1/05/2025,WQX-SFT,14.74
1/05/2025,MFT-AFT,682.24
1/05/2025,MFT-ASP,24.53
1/05/2025,MFT-BRT,211.89
1/05/2025,MFT-KAH,3.82
1/05/2025,MFT-TEC,0.24
1/05/2025,MFT-WHY,3.09
1/05/2025,PLT-AFT,0.06
1/05/2025,MFT-BFT,4672.58
1/05/2025,MFT-GLT,38.83
1/05/2025,MFT-IFL,0.38
1/05/2025,MFT-MBT,0.15
1/05/2025,MFT-MER,0.53
1/05/2025,MFT-MKY,29.79
1/05/2025,MFT-ROK,7.83
1/05/2025,MFT-TVT,69.91
1/05/2025,MFT-WQX,30.24
1/05/2025,PLT-BFT,0.15
1/05/2025,MFT-PFT,9510.36
1/05/2025,MFT-WEK,37.01
1/05/2025,APD-GRF,0.98
1/05/2025,MFT-ETT,0.05
1/05/2025,MFT-MOR,20.61
1/05/2025,MFT-SFT,538.16
1/05/2025,PLT-SFT,0.28
1/05/2025,GLT-MBT,299.14
1/05/2025,GLT-MKY,149.42
1/05/2025,GLT-PLT,0.09
1/05/2025,GLT-TSJ,40.52
1/05/2025,GLT-TVT,132.22
1/05/2025,GLT-WQX,90.78
1/05/2025,IFL-MBT,102.72
1/05/2025,IFL-TVT,0.34
1/05/2025,IFL-WQX,0.09
1/05/2025,MBT-GLT,172.78
1/05/2025,MBT-IFL,80.92
1/05/2025,MBT-MER,188.55
1/05/2025,MBT-MKY,850.23
1/05/2025,MBT-ROK,287.84
1/05/2025,MBT-TSJ,158.83
1/05/2025,MBT-TVT,2377.34
1/05/2025,MBT-WQX,1670.35
1/05/2025,MER-GLT,0.21
1/05/2025,MER-MBT,192.34
1/05/2025,MKY-GLT,153.61
1/05/2025,MKY-MBT,862.67
1/05/2025,MKY-ROK,0.26
1/05/2025,MKY-TVT,13.93
1/05/2025,MKY-WQX,2.14
1/05/2025,ROK-IFL,0.29
1/05/2025,ROK-MBT,306.95
1/05/2025,ROK-MER,1.69
1/05/2025,ROK-MKY,1.27
1/05/2025,ROK-TSJ,123.18
1/05/2025,ROK-TVT,30.24
1/05/2025,ROK-WEK,0.17
1/05/2025,ROK-WQX,51.4
1/05/2025,TSJ-GLT,0.09
1/05/2025,TSJ-TVT,1.54
1/05/2025,TSJ-WQX,107.79
1/05/2025,TVT-BFT,0.17
1/05/2025,TVT-GLT,302.18
1/05/2025,TVT-IFL,0.09
1/05/2025,TVT-MBT,2350.62
1/05/2025,TVT-MKY,46.84
1/05/2025,TVT-ROK,171.92
1/05/2025,TVT-TSJ,14.45
1/05/2025,TVT-WQX,25.34
1/05/2025,WQX-GLT,87.79
1/05/2025,WQX-IFL,18.21
1/05/2025,WQX-MBT,1565.35
1/05/2025,WQX-MKY,3.16
1/05/2025,WQX-ROK,46.33
1/05/2025,WQX-TSJ,107.62
1/05/2025,WQX-TVT,29.95
1/05/2025,ASP-WEK,0.47
1/05/2025,BRT-AFT,2.68
1/05/2025,ETT-ROK,0.47
1/05/2025,MFT-PLT,1.41
1/05/2025,MOR-SFT,9.86
1/05/2025,PFT-WEK,3.52
1/05/2025,SFT-ETT,94.34
1/05/2025,SFT-GBJ,0.47
1/05/2025,SFT-MOR,14.55
1/05/2025,SFT-PLT,3.99
1/05/2025,SFT-TEC,0.23
1/05/2025,PFT-AFT,2640.83
1/05/2025,PFT-ASP,25.68
1/05/2025,PFT-BRT,236.37
1/05/2025,PFT-KAH,10.6
1/05/2025,PFT-TEC,0.42
1/05/2025,WEK-AFT,2.02
1/05/2025,WEK-BRT,0.08
1/05/2025,PFT-BFT,981.75
1/05/2025,PFT-GLT,8.18
1/05/2025,PFT-MKY,5.4
1/05/2025,PFT-ROK,51.47
1/05/2025,PFT-TVT,12.44
1/05/2025,PFT-WQX,10.28
1/05/2025,WEK-BFT,40.68
1/05/2025,WEK-GLT,0.11
1/05/2025,WEK-MER,0.11
1/05/2025,WEK-MKY,0.11
1/05/2025,WEK-TVT,0.53
1/05/2025,WEK-WQX,0.11
1/05/2025,PFT-MFT,7308.33
1/05/2025,WEK-MFT,28.53
1/05/2025,PFT-GBJ,332.9
1/05/2025,PFT-MOR,22.63
1/05/2025,PFT-PLT,1.34
1/05/2025,PFT-SFT,3572.29
1/05/2025,WEK-MOR,0.24
1/05/2025,WEK-SFT,15.69
1/05/2025,GBJ-AFT,54.08
1/05/2025,MOR-AFT,49.52
1/05/2025,MOR-ASP,0.36
1/05/2025,MOR-BRT,3.47
1/05/2025,MOR-KAH,1.23
1/05/2025,SFT-AFT,233.6
1/05/2025,SFT-ASP,6.22
1/05/2025,SFT-BRT,73.54
1/05/2025,SFT-KAH,1.81
1/05/2025,ETT-BFT,19.46
1/05/2025,ETT-GLT,0.33
1/05/2025,ETT-MKY,0.28
1/05/2025,ETT-SFT,19.75
1/05/2025,ETT-TVT,2.23
1/05/2025,ETT-WQX,0.09
1/05/2025,GBJ-BFT,3.75
1/05/2025,MOR-BFT,14.68
1/05/2025,MOR-GLT,0.38
1/05/2025,MOR-MKY,2.41
1/05/2025,MOR-ROK,3.03
1/05/2025,MOR-TVT,33.57
1/05/2025,MOR-WQX,3.88
1/05/2025,SFT-BFT,356.05
1/05/2025,SFT-GLT,11.74
1/05/2025,SFT-IFL,0
1/05/2025,SFT-MBT,0.14
1/05/2025,SFT-MKY,23.34
1/05/2025,SFT-ROK,7.48
1/05/2025,SFT-TVT,48.11
1/05/2025,SFT-WQX,17.57
1/05/2025,MOR-MFT,91.02
1/05/2025,SFT-MFT,650.75
1/05/2025,GBJ-PFT,369.2
1/05/2025,MOR-PFT,128.25
1/05/2025,PLT-PFT,2.07
1/05/2025,SFT-PFT,4447.76
1/05/2025,SFT-WEK,19.67
1/06/2025,AFT-BFT,297.48
1/06/2025,AFT-GBJ,77.37
1/06/2025,AFT-GLT,0.48
1/06/2025,AFT-MFT,1385.2
1/06/2025,AFT-MKY,1.43
1/06/2025,AFT-MOR,17.86
1/06/2025,AFT-PFT,1732.26
1/06/2025,AFT-PLT,0.09
1/06/2025,AFT-ROK,0.61
1/06/2025,AFT-SFT,536.11
1/06/2025,AFT-TVT,6.06
1/06/2025,AFT-WEK,3.78
1/06/2025,AFT-WQX,5.04
1/06/2025,ASP-BFT,2.86
1/06/2025,ASP-MFT,114.6
1/06/2025,ASP-MOR,0.59
1/06/2025,ASP-PFT,1.35
1/06/2025,ASP-SFT,23.59
1/06/2025,BFT-AFT,337.47
1/06/2025,BFT-ASP,2.55
1/06/2025,BFT-BOT,3.4
1/06/2025,BFT-BRT,5.3
1/06/2025,BFT-ETT,19.97
1/06/2025,BFT-KAH,0.7
1/06/2025,BRT-BFT,2.52
1/06/2025,BFT-MFT,3782.36
1/06/2025,BFT-MOR,11.61
1/06/2025,BFT-PFT,822.71
1/06/2025,BFT-PLT,0.14
1/06/2025,KAH-BFT,0.07
1/06/2025,BFT-SFT,455.63
1/06/2025,BFT-WEK,20.81
1/06/2025,BRT-MFT,281.99
1/06/2025,BRT-MOR,4.44
1/06/2025,BRT-PFT,17.42
1/06/2025,BRT-SFT,53.49
1/06/2025,GLT-AFT,2.02
1/06/2025,GLT-ETT,0.29
1/06/2025,GLT-MFT,41.7
1/06/2025,GLT-MOR,0.1
1/06/2025,GLT-PFT,4.16
1/06/2025,GLT-SFT,2.33
1/06/2025,KAH-MFT,6.94
1/06/2025,MKY-AFT,2.55
1/06/2025,MKY-BRT,0.09
1/06/2025,MKY-ETT,0.44
1/06/2025,MKY-MFT,16.21
1/06/2025,MKY-MOR,0.73
1/06/2025,MKY-PFT,3.5
1/06/2025,MKY-SFT,2.53
1/06/2025,ROK-AFT,0.53
1/06/2025,ROK-BRT,0.18
1/06/2025,TVT-AFT,11.88
1/06/2025,TVT-ASP,0.09
1/06/2025,WQX-AFT,5.19
1/06/2025,WQX-ASP,0.26
1/06/2025,ROK-MFT,2.12
1/06/2025,ROK-MOR,0.19
1/06/2025,ROK-PFT,6.37
1/06/2025,ROK-SFT,1.99
1/06/2025,TVT-MFT,42.51
1/06/2025,WQX-MFT,19.82
1/06/2025,TVT-PFT,14.14
1/06/2025,TVT-WEK,0.13
1/06/2025,WQX-PFT,6.61
1/06/2025,WQX-WEK,0.07
1/06/2025,TVT-ETT,2.91
1/06/2025,TVT-MOR,28.71
1/06/2025,TVT-SFT,35.37
1/06/2025,WQX-ETT,0.68
1/06/2025,WQX-MOR,1.07
1/06/2025,WQX-SFT,11.95
1/06/2025,MFT-AFT,588.24
1/06/2025,MFT-ASP,21.15
1/06/2025,MFT-BRT,182.7
1/06/2025,MFT-KAH,3.29
1/06/2025,MFT-TEC,0.21
1/06/2025,MFT-WHY,2.67
1/06/2025,PLT-AFT,0.05
1/06/2025,MFT-BFT,4300.77
1/06/2025,MFT-GLT,35.74
1/06/2025,MFT-IFL,0.35
1/06/2025,MFT-MBT,0.14
1/06/2025,MFT-MER,0.49
1/06/2025,MFT-MKY,27.42
1/06/2025,MFT-ROK,7.2
1/06/2025,MFT-TVT,64.35
1/06/2025,MFT-WQX,27.84
1/06/2025,PLT-BFT,0.14
1/06/2025,MFT-PFT,8411.91
1/06/2025,MFT-WEK,32.73
1/06/2025,APD-GRF,0.92
1/06/2025,MFT-ETT,0.04
1/06/2025,MFT-MOR,19.38
1/06/2025,MFT-SFT,506.07
1/06/2025,PLT-SFT,0.26
1/06/2025,GLT-MBT,302.42
1/06/2025,GLT-MKY,151.07
1/06/2025,GLT-PLT,0.09
1/06/2025,GLT-TSJ,40.96
1/06/2025,GLT-TVT,133.68
1/06/2025,GLT-WQX,91.78
1/06/2025,IFL-MBT,103.84
1/06/2025,IFL-TVT,0.35
1/06/2025,IFL-WQX,0.09
1/06/2025,MBT-GLT,174.68
1/06/2025,MBT-IFL,81.81
1/06/2025,MBT-MER,190.62
1/06/2025,MBT-MKY,859.57
1/06/2025,MBT-ROK,291
1/06/2025,MBT-TSJ,160.57
1/06/2025,MBT-TVT,2403.46
1/06/2025,MBT-WQX,1688.7
1/06/2025,MER-GLT,0.21
1/06/2025,MER-MBT,194.45
1/06/2025,MKY-GLT,155.3
1/06/2025,MKY-MBT,872.15
1/06/2025,MKY-ROK,0.26
1/06/2025,MKY-TVT,14.09
1/06/2025,MKY-WQX,2.16
1/06/2025,ROK-IFL,0.29
1/06/2025,ROK-MBT,310.32
1/06/2025,ROK-MER,1.71
1/06/2025,ROK-MKY,1.28
1/06/2025,ROK-TSJ,124.53
1/06/2025,ROK-TVT,30.58
1/06/2025,ROK-WEK,0.17
1/06/2025,ROK-WQX,51.97
1/06/2025,TSJ-GLT,0.09
1/06/2025,TSJ-TVT,1.56
1/06/2025,TSJ-WQX,108.98
1/06/2025,TVT-BFT,0.17
1/06/2025,TVT-GLT,305.5
1/06/2025,TVT-IFL,0.09
1/06/2025,TVT-MBT,2376.44
1/06/2025,TVT-MKY,47.36
1/06/2025,TVT-ROK,173.81
1/06/2025,TVT-TSJ,14.61
1/06/2025,TVT-WQX,25.62
1/06/2025,WQX-GLT,88.76
1/06/2025,WQX-IFL,18.41
1/06/2025,WQX-MBT,1582.55
1/06/2025,WQX-MKY,3.2
1/06/2025,WQX-ROK,46.84
1/06/2025,WQX-TSJ,108.8
1/06/2025,WQX-TVT,30.28
1/06/2025,ASP-WEK,0.29
1/06/2025,BRT-AFT,1.64
1/06/2025,ETT-ROK,0.29
1/06/2025,MFT-PLT,0.86
1/06/2025,MOR-SFT,6.05
1/06/2025,PFT-WEK,2.16
1/06/2025,SFT-ETT,57.88
1/06/2025,SFT-GBJ,0.29
1/06/2025,SFT-MOR,8.93
1/06/2025,SFT-PLT,2.45
1/06/2025,SFT-TEC,0.14
1/06/2025,PFT-AFT,2535.13
1/06/2025,PFT-ASP,24.65
1/06/2025,PFT-BRT,226.91
1/06/2025,PFT-KAH,10.18
1/06/2025,PFT-TEC,0.4
1/06/2025,WEK-AFT,1.94
1/06/2025,WEK-BRT,0.08
1/06/2025,PFT-BFT,905.19
1/06/2025,PFT-GLT,7.54
1/06/2025,PFT-MKY,4.98
1/06/2025,PFT-ROK,47.45
1/06/2025,PFT-TVT,11.47
1/06/2025,PFT-WQX,9.47
1/06/2025,WEK-BFT,37.51
1/06/2025,WEK-GLT,0.1
1/06/2025,WEK-MER,0.1
1/06/2025,WEK-MKY,0.1
1/06/2025,WEK-TVT,0.49
1/06/2025,WEK-WQX,0.1
1/06/2025,PFT-MFT,6941.09
1/06/2025,WEK-MFT,27.09
1/06/2025,PFT-GBJ,318.9
1/06/2025,PFT-MOR,21.67
1/06/2025,PFT-PLT,1.28
1/06/2025,PFT-SFT,3421.99
1/06/2025,WEK-MOR,0.23
1/06/2025,WEK-SFT,15.03
1/06/2025,GBJ-AFT,44.49
1/06/2025,MOR-AFT,40.74
1/06/2025,MOR-ASP,0.3
1/06/2025,MOR-BRT,2.86
1/06/2025,MOR-KAH,1.01
1/06/2025,SFT-AFT,192.19
1/06/2025,SFT-ASP,5.12
1/06/2025,SFT-BRT,60.51
1/06/2025,SFT-KAH,1.49
1/06/2025,ETT-BFT,17.53
1/06/2025,ETT-GLT,0.3
1/06/2025,ETT-MKY,0.26
1/06/2025,ETT-SFT,17.79
1/06/2025,ETT-TVT,2
1/06/2025,ETT-WQX,0.09
1/06/2025,GBJ-BFT,3.37
1/06/2025,MOR-BFT,13.22
1/06/2025,MOR-GLT,0.34
1/06/2025,MOR-MKY,2.18
1/06/2025,MOR-ROK,2.73
1/06/2025,MOR-TVT,30.24
1/06/2025,MOR-WQX,3.5
1/06/2025,SFT-BFT,320.74
1/06/2025,SFT-GLT,10.58
1/06/2025,SFT-IFL,0
1/06/2025,SFT-MBT,0.13
1/06/2025,SFT-MKY,21.03
1/06/2025,SFT-ROK,6.74
1/06/2025,SFT-TVT,43.34
1/06/2025,SFT-WQX,15.82
1/06/2025,MOR-MFT,78.26
1/06/2025,SFT-MFT,559.53
1/06/2025,GBJ-PFT,311.77
1/06/2025,MOR-PFT,108.3
1/06/2025,PLT-PFT,1.74
1/06/2025,SFT-PFT,3755.97
1/06/2025,SFT-WEK,16.61
1/07/2025,AFT-BFT,282.58
1/07/2025,AFT-GLT,0.45
1/07/2025,AFT-MKY,1.36
1/07/2025,AFT-ROK,0.58
1/07/2025,AFT-TVT,5.76
1/07/2025,AFT-WQX,4.79
1/07/2025,ASP-BFT,2.72
1/07/2025,BRT-BFT,2.39
1/07/2025,KAH-BFT,0.06
1/07/2025,AFT-MFT,1481.95
1/07/2025,AFT-PLT,0.09
1/07/2025,ASP-MFT,122.61
1/07/2025,BRT-MFT,301.69
1/07/2025,KAH-MFT,7.42
1/07/2025,AFT-PFT,2089.16
1/07/2025,AFT-WEK,4.56
1/07/2025,ASP-PFT,1.63
1/07/2025,BRT-PFT,21.01
1/07/2025,AFT-GBJ,69.64
1/07/2025,AFT-MOR,16.08
1/07/2025,AFT-SFT,482.57
1/07/2025,ASP-MOR,0.53
1/07/2025,ASP-SFT,21.23
1/07/2025,BRT-MOR,4
1/07/2025,BRT-SFT,48.15
1/07/2025,BFT-AFT,317.31
1/07/2025,BFT-ASP,2.4
1/07/2025,BFT-BRT,4.98
1/07/2025,BFT-KAH,0.66
1/07/2025,GLT-AFT,1.9
1/07/2025,MKY-AFT,2.4
1/07/2025,MKY-BRT,0.08
1/07/2025,ROK-AFT,0.5
1/07/2025,ROK-BRT,0.17
1/07/2025,TVT-AFT,11.17
1/07/2025,TVT-ASP,0.08
1/07/2025,WQX-AFT,4.88
1/07/2025,WQX-ASP,0.25
1/07/2025,BFT-MFT,3936.86
1/07/2025,BFT-PLT,0.15
1/07/2025,GLT-MFT,43.4
1/07/2025,MKY-MFT,16.87
1/07/2025,ROK-MFT,2.21
1/07/2025,TVT-MFT,44.24
1/07/2025,WQX-MFT,20.63
1/07/2025,BFT-PFT,900.61
1/07/2025,BFT-WEK,22.78
1/07/2025,GLT-PFT,4.56
1/07/2025,MKY-PFT,3.83
1/07/2025,ROK-PFT,6.97
1/07/2025,TVT-PFT,15.48
1/07/2025,TVT-WEK,0.14
1/07/2025,WQX-PFT,7.23
1/07/2025,WQX-WEK,0.07
1/07/2025,BFT-BOT,4.05
1/07/2025,BFT-ETT,23.8
1/07/2025,BFT-MOR,13.84
1/07/2025,BFT-SFT,543.1
1/07/2025,GLT-ETT,0.35
1/07/2025,GLT-MOR,0.12
1/07/2025,GLT-SFT,2.78
1/07/2025,MKY-ETT,0.52
1/07/2025,MKY-MOR,0.87
1/07/2025,MKY-SFT,3.01
1/07/2025,ROK-MOR,0.23
1/07/2025,ROK-SFT,2.37
1/07/2025,TVT-ETT,3.47
1/07/2025,TVT-MOR,34.22
1/07/2025,TVT-SFT,42.15
1/07/2025,WQX-ETT,0.81
1/07/2025,WQX-MOR,1.27
1/07/2025,WQX-SFT,14.24
1/07/2025,MFT-AFT,745.51
1/07/2025,MFT-ASP,26.81
1/07/2025,MFT-BRT,231.54
1/07/2025,MFT-KAH,4.17
1/07/2025,MFT-TEC,0.27
1/07/2025,MFT-WHY,3.38
1/07/2025,PLT-AFT,0.07
1/07/2025,MFT-BFT,4478.09
1/07/2025,MFT-GLT,37.21
1/07/2025,MFT-IFL,0.36
1/07/2025,MFT-MBT,0.15
1/07/2025,MFT-MER,0.51
1/07/2025,MFT-MKY,28.55
1/07/2025,MFT-ROK,7.5
1/07/2025,MFT-TVT,67
1/07/2025,MFT-WQX,28.98
1/07/2025,PLT-BFT,0.15
1/07/2025,MFT-PFT,8572.47
1/07/2025,MFT-WEK,33.36
1/07/2025,APD-GRF,1.05
1/07/2025,MFT-ETT,0.05
1/07/2025,MFT-MOR,22.25
1/07/2025,MFT-SFT,581.04
1/07/2025,PLT-SFT,0.3
1/07/2025,GLT-MBT,372.92
1/07/2025,GLT-MKY,186.28
1/07/2025,GLT-PLT,0.11
1/07/2025,GLT-TSJ,50.51
1/07/2025,GLT-TVT,164.84
1/07/2025,GLT-WQX,113.17
1/07/2025,IFL-MBT,128.05
1/07/2025,IFL-TVT,0.43
1/07/2025,IFL-WQX,0.11
1/07/2025,MBT-GLT,215.39
1/07/2025,MBT-IFL,100.88
1/07/2025,MBT-MER,235.06
1/07/2025,MBT-MKY,1059.94
1/07/2025,MBT-ROK,358.83
1/07/2025,MBT-TSJ,198
1/07/2025,MBT-TVT,2963.73
1/07/2025,MBT-WQX,2082.35
1/07/2025,MER-GLT,0.26
1/07/2025,MER-MBT,239.78
1/07/2025,MKY-GLT,191.5
1/07/2025,MKY-MBT,1075.46
1/07/2025,MKY-ROK,0.32
1/07/2025,MKY-TVT,17.37
1/07/2025,MKY-WQX,2.66
1/07/2025,ROK-IFL,0.36
1/07/2025,ROK-MBT,382.66
1/07/2025,ROK-MER,2.11
1/07/2025,ROK-MKY,1.58
1/07/2025,ROK-TSJ,153.56
1/07/2025,ROK-TVT,37.7
1/07/2025,ROK-WEK,0.21
1/07/2025,ROK-WQX,64.08
1/07/2025,TSJ-GLT,0.11
1/07/2025,TSJ-TVT,1.92
1/07/2025,TSJ-WQX,134.38
1/07/2025,TVT-BFT,0.21
1/07/2025,TVT-GLT,376.72
1/07/2025,TVT-IFL,0.11
1/07/2025,TVT-MBT,2930.42
1/07/2025,TVT-MKY,58.4
1/07/2025,TVT-ROK,214.33
1/07/2025,TVT-TSJ,18.01
1/07/2025,TVT-WQX,31.59
1/07/2025,WQX-GLT,109.45
1/07/2025,WQX-IFL,22.7
1/07/2025,WQX-MBT,1951.46
1/07/2025,WQX-MKY,3.94
1/07/2025,WQX-ROK,57.76
1/07/2025,WQX-TSJ,134.17
1/07/2025,WQX-TVT,37.34
1/07/2025,ASP-WEK,0.32
1/07/2025,BRT-AFT,1.8
1/07/2025,ETT-ROK,0.32
1/07/2025,MFT-PLT,0.95
1/07/2025,MOR-SFT,6.64
1/07/2025,PFT-WEK,2.37
1/07/2025,SFT-ETT,63.58
1/07/2025,SFT-GBJ,0.32
1/07/2025,SFT-MOR,9.81
1/07/2025,SFT-PLT,2.69
1/07/2025,SFT-TEC,0.16
1/07/2025,PFT-AFT,2734.23
1/07/2025,PFT-ASP,26.59
1/07/2025,PFT-BRT,244.73
1/07/2025,PFT-KAH,10.98
1/07/2025,PFT-TEC,0.44
1/07/2025,WEK-AFT,2.09
1/07/2025,WEK-BRT,0.09
1/07/2025,PFT-BFT,821.25
1/07/2025,PFT-GLT,6.84
1/07/2025,PFT-MKY,4.52
1/07/2025,PFT-ROK,43.05
1/07/2025,PFT-TVT,10.4
1/07/2025,PFT-WQX,8.6
1/07/2025,WEK-BFT,34.03
1/07/2025,WEK-GLT,0.09
1/07/2025,WEK-MER,0.09
1/07/2025,WEK-MKY,0.09
1/07/2025,WEK-TVT,0.44
1/07/2025,WEK-WQX,0.09
1/07/2025,PFT-MFT,7458.83
1/07/2025,WEK-MFT,29.11
1/07/2025,PFT-GBJ,347.3
1/07/2025,PFT-MOR,23.6
1/07/2025,PFT-PLT,1.4
1/07/2025,PFT-SFT,3726.75
1/07/2025,WEK-MOR,0.25
1/07/2025,WEK-SFT,16.37
1/07/2025,GBJ-AFT,50.77
1/07/2025,MOR-AFT,46.49
1/07/2025,MOR-ASP,0.34
1/07/2025,MOR-BRT,3.26
1/07/2025,MOR-KAH,1.15
1/07/2025,SFT-AFT,219.32
1/07/2025,SFT-ASP,5.84
1/07/2025,SFT-BRT,69.05
1/07/2025,SFT-KAH,1.7
1/07/2025,ETT-BFT,25.24
1/07/2025,ETT-GLT,0.43
1/07/2025,ETT-MKY,0.37
1/07/2025,ETT-SFT,25.61
1/07/2025,ETT-TVT,2.89
1/07/2025,ETT-WQX,0.12
1/07/2025,GBJ-BFT,4.86
1/07/2025,MOR-BFT,19.04
1/07/2025,MOR-GLT,0.49
1/07/2025,MOR-MKY,3.13
1/07/2025,MOR-ROK,3.93
1/07/2025,MOR-TVT,43.54
1/07/2025,MOR-WQX,5.04
1/07/2025,SFT-BFT,461.73
1/07/2025,SFT-GLT,15.23
1/07/2025,SFT-IFL,0
1/07/2025,SFT-MBT,0.18
1/07/2025,SFT-MKY,30.27
1/07/2025,SFT-ROK,9.7
1/07/2025,SFT-TVT,62.39
1/07/2025,SFT-WQX,22.78
1/07/2025,MOR-MFT,103.29
1/07/2025,SFT-MFT,738.5
1/07/2025,GBJ-PFT,340.09
1/07/2025,MOR-PFT,118.14
1/07/2025,PLT-PFT,1.9
1/07/2025,SFT-PFT,4097.13
1/07/2025,SFT-WEK,18.12
1/08/2025,AFT-BFT,315.61
1/08/2025,AFT-GLT,0.51
1/08/2025,AFT-MKY,1.52
1/08/2025,AFT-ROK,0.65
1/08/2025,AFT-TVT,6.43
1/08/2025,AFT-WQX,5.35
1/08/2025,ASP-BFT,3.04
1/08/2025,BRT-BFT,2.67
1/08/2025,KAH-BFT,0.07
1/08/2025,AFT-MFT,1323.2
1/08/2025,AFT-PLT,0.08
1/08/2025,ASP-MFT,109.47
1/08/2025,BRT-MFT,269.37
1/08/2025,KAH-MFT,6.63
1/08/2025,AFT-PFT,2187.43
1/08/2025,AFT-WEK,4.77
1/08/2025,ASP-PFT,1.7
1/08/2025,BRT-PFT,22
1/08/2025,AFT-GBJ,78.74
1/08/2025,AFT-MOR,18.18
1/08/2025,AFT-SFT,545.6
1/08/2025,ASP-MOR,0.6
1/08/2025,ASP-SFT,24
1/08/2025,BRT-MOR,4.52
1/08/2025,BRT-SFT,54.44
1/08/2025,BFT-AFT,357.23
1/08/2025,BFT-ASP,2.7
1/08/2025,BFT-BRT,5.61
1/08/2025,BFT-KAH,0.75
1/08/2025,GLT-AFT,2.14
1/08/2025,MKY-AFT,2.7
1/08/2025,MKY-BRT,0.09
1/08/2025,ROK-AFT,0.56
1/08/2025,ROK-BRT,0.19
1/08/2025,TVT-AFT,12.57
1/08/2025,TVT-ASP,0.09
1/08/2025,WQX-AFT,5.5
1/08/2025,WQX-ASP,0.28
1/08/2025,BFT-MFT,4288.03
1/08/2025,BFT-PLT,0.16
1/08/2025,GLT-MFT,47.27
1/08/2025,MKY-MFT,18.38
1/08/2025,ROK-MFT,2.41
1/08/2025,TVT-MFT,48.19
1/08/2025,WQX-MFT,22.47
1/08/2025,BFT-PFT,1050.18
1/08/2025,BFT-WEK,26.56
1/08/2025,GLT-PFT,5.31
1/08/2025,MKY-PFT,4.47
1/08/2025,ROK-PFT,8.13
1/08/2025,TVT-PFT,18.05
1/08/2025,TVT-WEK,0.17
1/08/2025,WQX-PFT,8.43
1/08/2025,WQX-WEK,0.08
1/08/2025,BFT-BOT,4.06
1/08/2025,BFT-ETT,23.86
1/08/2025,BFT-MOR,13.88
1/08/2025,BFT-SFT,544.6
1/08/2025,GLT-ETT,0.35
1/08/2025,GLT-MOR,0.12
1/08/2025,GLT-SFT,2.79
1/08/2025,MKY-ETT,0.52
1/08/2025,MKY-MOR,0.87
1/08/2025,MKY-SFT,3.02
1/08/2025,ROK-MOR,0.23
1/08/2025,ROK-SFT,2.38
1/08/2025,TVT-ETT,3.48
1/08/2025,TVT-MOR,34.32
1/08/2025,TVT-SFT,42.27
1/08/2025,WQX-ETT,0.81
1/08/2025,WQX-MOR,1.28
1/08/2025,WQX-SFT,14.28
1/08/2025,MFT-AFT,754.06
1/08/2025,MFT-ASP,27.11
1/08/2025,MFT-BRT,234.2
1/08/2025,MFT-KAH,4.22
1/08/2025,MFT-TEC,0.27
1/08/2025,MFT-WHY,3.42
1/08/2025,PLT-AFT,0.07
1/08/2025,MFT-BFT,4796.68
1/08/2025,MFT-GLT,39.86
1/08/2025,MFT-IFL,0.39
1/08/2025,MFT-MBT,0.16
1/08/2025,MFT-MER,0.55
1/08/2025,MFT-MKY,30.58
1/08/2025,MFT-ROK,8.03
1/08/2025,MFT-TVT,71.77
1/08/2025,MFT-WQX,31.05
1/08/2025,PLT-BFT,0.16
1/08/2025,MFT-PFT,9076.98
1/08/2025,MFT-WEK,35.32
1/08/2025,APD-GRF,1.22
1/08/2025,MFT-ETT,0.06
1/08/2025,MFT-MOR,25.77
1/08/2025,MFT-SFT,672.98
1/08/2025,PLT-SFT,0.35
1/08/2025,GLT-MBT,368.81
1/08/2025,GLT-MKY,184.23
1/08/2025,GLT-PLT,0.11
1/08/2025,GLT-TSJ,49.96
1/08/2025,GLT-TVT,163.02
1/08/2025,GLT-WQX,111.93
1/08/2025,IFL-MBT,126.64
1/08/2025,IFL-TVT,0.42
1/08/2025,IFL-WQX,0.11
1/08/2025,MBT-GLT,213.02
1/08/2025,MBT-IFL,99.76
1/08/2025,MBT-MER,232.46
1/08/2025,MBT-MKY,1048.25
1/08/2025,MBT-ROK,354.88
1/08/2025,MBT-TSJ,195.82
1/08/2025,MBT-TVT,2931.04
1/08/2025,MBT-WQX,2059.39
1/08/2025,MER-GLT,0.25
1/08/2025,MER-MBT,237.13
1/08/2025,MKY-GLT,189.39
1/08/2025,MKY-MBT,1063.6
1/08/2025,MKY-ROK,0.32
1/08/2025,MKY-TVT,17.18
1/08/2025,MKY-WQX,2.63
1/08/2025,ROK-IFL,0.36
1/08/2025,ROK-MBT,378.44
1/08/2025,ROK-MER,2.09
1/08/2025,ROK-MKY,1.56
1/08/2025,ROK-TSJ,151.87
1/08/2025,ROK-TVT,37.29
1/08/2025,ROK-WEK,0.21
1/08/2025,ROK-WQX,63.37
1/08/2025,TSJ-GLT,0.11
1/08/2025,TSJ-TVT,1.9
1/08/2025,TSJ-WQX,132.9
1/08/2025,TVT-BFT,0.21
1/08/2025,TVT-GLT,372.56
1/08/2025,TVT-IFL,0.11
1/08/2025,TVT-MBT,2898.1
1/08/2025,TVT-MKY,57.75
1/08/2025,TVT-ROK,211.96
1/08/2025,TVT-TSJ,17.81
1/08/2025,TVT-WQX,31.24
1/08/2025,WQX-GLT,108.24
1/08/2025,WQX-IFL,22.45
1/08/2025,WQX-MBT,1929.93
1/08/2025,WQX-MKY,3.9
1/08/2025,WQX-ROK,57.12
1/08/2025,WQX-TSJ,132.69
1/08/2025,WQX-TVT,36.93
1/08/2025,ASP-WEK,0.36
1/08/2025,BRT-AFT,2.03
1/08/2025,ETT-ROK,0.36
1/08/2025,MFT-PLT,1.07
1/08/2025,MOR-SFT,7.47
1/08/2025,PFT-WEK,2.67
1/08/2025,SFT-ETT,71.49
1/08/2025,SFT-GBJ,0.36
1/08/2025,SFT-MOR,11.03
1/08/2025,SFT-PLT,3.02
1/08/2025,SFT-TEC,0.18
1/08/2025,PFT-AFT,2814.46
1/08/2025,PFT-ASP,27.37
1/08/2025,PFT-BRT,251.91
1/08/2025,PFT-KAH,11.3
1/08/2025,PFT-TEC,0.45
1/08/2025,WEK-AFT,2.15
1/08/2025,WEK-BRT,0.09
1/08/2025,PFT-BFT,896.51
1/08/2025,PFT-GLT,7.47
1/08/2025,PFT-MKY,4.93
1/08/2025,PFT-ROK,47
1/08/2025,PFT-TVT,11.36
1/08/2025,PFT-WQX,9.38
1/08/2025,WEK-BFT,37.15
1/08/2025,WEK-GLT,0.1
1/08/2025,WEK-MER,0.1
1/08/2025,WEK-MKY,0.1
1/08/2025,WEK-TVT,0.48
1/08/2025,WEK-WQX,0.1
1/08/2025,PFT-MFT,7502.38
1/08/2025,WEK-MFT,29.28
1/08/2025,PFT-GBJ,340.97
1/08/2025,PFT-MOR,23.17
1/08/2025,PFT-PLT,1.37
1/08/2025,PFT-SFT,3658.9
1/08/2025,WEK-MOR,0.24
1/08/2025,WEK-SFT,16.07
1/08/2025,GBJ-AFT,54.16
1/08/2025,MOR-AFT,49.6
1/08/2025,MOR-ASP,0.36
1/08/2025,MOR-BRT,3.48
1/08/2025,MOR-KAH,1.23
1/08/2025,SFT-AFT,233.96
1/08/2025,SFT-ASP,6.23
1/08/2025,SFT-BRT,73.66
1/08/2025,SFT-KAH,1.81
1/08/2025,ETT-BFT,26.22
1/08/2025,ETT-GLT,0.45
1/08/2025,ETT-MKY,0.38
1/08/2025,ETT-SFT,26.61
1/08/2025,ETT-TVT,3
1/08/2025,ETT-WQX,0.13
1/08/2025,GBJ-BFT,5.05
1/08/2025,MOR-BFT,19.78
1/08/2025,MOR-GLT,0.51
1/08/2025,MOR-MKY,3.25
1/08/2025,MOR-ROK,4.08
1/08/2025,MOR-TVT,45.24
1/08/2025,MOR-WQX,5.23
1/08/2025,SFT-BFT,479.78
1/08/2025,SFT-GLT,15.82
1/08/2025,SFT-IFL,0
1/08/2025,SFT-MBT,0.19
1/08/2025,SFT-MKY,31.46
1/08/2025,SFT-ROK,10.08
1/08/2025,SFT-TVT,64.83
1/08/2025,SFT-WQX,23.67
1/08/2025,MOR-MFT,97.15
1/08/2025,SFT-MFT,694.58
1/08/2025,GBJ-PFT,370.38
1/08/2025,MOR-PFT,128.66
1/08/2025,PLT-PFT,2.07
1/08/2025,SFT-PFT,4461.98
1/08/2025,SFT-WEK,19.73
1/09/2025,AFT-BFT,296.61
1/09/2025,AFT-GLT,0.48
1/09/2025,AFT-MKY,1.43
1/09/2025,AFT-ROK,0.61
1/09/2025,AFT-TVT,6.04
1/09/2025,AFT-WQX,5.03
1/09/2025,ASP-BFT,2.85
1/09/2025,BRT-BFT,2.51
1/09/2025,KAH-BFT,0.07
1/09/2025,AFT-MFT,1351.39
1/09/2025,AFT-PLT,0.08
1/09/2025,ASP-MFT,111.8
1/09/2025,BRT-MFT,275.11
1/09/2025,KAH-MFT,6.77
1/09/2025,AFT-PFT,2044.79
1/09/2025,AFT-WEK,4.46
1/09/2025,ASP-PFT,1.59
1/09/2025,BRT-PFT,20.57
1/09/2025,AFT-GBJ,67.99
1/09/2025,AFT-MOR,15.7
1/09/2025,AFT-SFT,471.08
1/09/2025,ASP-MOR,0.52
1/09/2025,ASP-SFT,20.73
1/09/2025,BRT-MOR,3.9
1/09/2025,BRT-SFT,47
1/09/2025,BFT-AFT,306.28
1/09/2025,BFT-ASP,2.32
1/09/2025,BFT-BRT,4.81
1/09/2025,BFT-KAH,0.64
1/09/2025,GLT-AFT,1.84
1/09/2025,MKY-AFT,2.32
1/09/2025,MKY-BRT,0.08
1/09/2025,ROK-AFT,0.48
1/09/2025,ROK-BRT,0.16
1/09/2025,TVT-AFT,10.78
1/09/2025,TVT-ASP,0.08
1/09/2025,WQX-AFT,4.71
1/09/2025,WQX-ASP,0.24
1/09/2025,BFT-MFT,4104.31
1/09/2025,BFT-PLT,0.15
1/09/2025,GLT-MFT,45.25
1/09/2025,MKY-MFT,17.59
1/09/2025,ROK-MFT,2.3
1/09/2025,TVT-MFT,46.12
1/09/2025,WQX-MFT,21.51
1/09/2025,BFT-PFT,939.47
1/09/2025,BFT-WEK,23.76
1/09/2025,GLT-PFT,4.75
1/09/2025,MKY-PFT,4
1/09/2025,ROK-PFT,7.27
1/09/2025,TVT-PFT,16.14
1/09/2025,TVT-WEK,0.15
1/09/2025,WQX-PFT,7.54
1/09/2025,WQX-WEK,0.08
1/09/2025,BFT-BOT,4.2
1/09/2025,BFT-ETT,24.65
1/09/2025,BFT-MOR,14.33
1/09/2025,BFT-SFT,562.48
1/09/2025,GLT-ETT,0.36
1/09/2025,GLT-MOR,0.12
1/09/2025,GLT-SFT,2.88
1/09/2025,MKY-ETT,0.54
1/09/2025,MKY-MOR,0.9
1/09/2025,MKY-SFT,3.12
1/09/2025,ROK-MOR,0.24
1/09/2025,ROK-SFT,2.46
1/09/2025,TVT-ETT,3.6
1/09/2025,TVT-MOR,35.44
1/09/2025,TVT-SFT,43.66
1/09/2025,WQX-ETT,0.84
1/09/2025,WQX-MOR,1.32
1/09/2025,WQX-SFT,14.75
1/09/2025,MFT-AFT,700.4
1/09/2025,MFT-ASP,25.18
1/09/2025,MFT-BRT,217.53
1/09/2025,MFT-KAH,3.92
1/09/2025,MFT-TEC,0.25
1/09/2025,MFT-WHY,3.17
1/09/2025,PLT-AFT,0.06
1/09/2025,MFT-BFT,4600.35
1/09/2025,MFT-GLT,38.23
1/09/2025,MFT-IFL,0.37
1/09/2025,MFT-MBT,0.15
1/09/2025,MFT-MER,0.52
1/09/2025,MFT-MKY,29.33
1/09/2025,MFT-ROK,7.71
1/09/2025,MFT-TVT,68.83
1/09/2025,MFT-WQX,29.78
1/09/2025,PLT-BFT,0.15
1/09/2025,MFT-PFT,8642.88
1/09/2025,MFT-WEK,33.63
1/09/2025,APD-GRF,1.29
1/09/2025,MFT-ETT,0.06
1/09/2025,MFT-MOR,27.2
1/09/2025,MFT-SFT,710.35
1/09/2025,PLT-SFT,0.37
1/09/2025,GLT-MBT,331.36
1/09/2025,GLT-MKY,165.52
1/09/2025,GLT-PLT,0.09
1/09/2025,GLT-TSJ,44.88
1/09/2025,GLT-TVT,146.47
1/09/2025,GLT-WQX,100.56
1/09/2025,IFL-MBT,113.78
1/09/2025,IFL-TVT,0.38
1/09/2025,IFL-WQX,0.09
1/09/2025,MBT-GLT,191.39
1/09/2025,MBT-IFL,89.64
1/09/2025,MBT-MER,208.86
1/09/2025,MBT-MKY,941.82
1/09/2025,MBT-ROK,318.85
1/09/2025,MBT-TSJ,175.94
1/09/2025,MBT-TVT,2633.45
1/09/2025,MBT-WQX,1850.3
1/09/2025,MER-GLT,0.23
1/09/2025,MER-MBT,213.06
1/09/2025,MKY-GLT,170.16
1/09/2025,MKY-MBT,955.61
1/09/2025,MKY-ROK,0.28
1/09/2025,MKY-TVT,15.43
1/09/2025,MKY-WQX,2.37
1/09/2025,ROK-IFL,0.32
1/09/2025,ROK-MBT,340.02
1/09/2025,ROK-MER,1.87
1/09/2025,ROK-MKY,1.4
1/09/2025,ROK-TSJ,136.45
1/09/2025,ROK-TVT,33.5
1/09/2025,ROK-WEK,0.19
1/09/2025,ROK-WQX,56.94
1/09/2025,TSJ-GLT,0.09
1/09/2025,TSJ-TVT,1.7
1/09/2025,TSJ-WQX,119.41
1/09/2025,TVT-BFT,0.19
1/09/2025,TVT-GLT,334.74
1/09/2025,TVT-IFL,0.09
1/09/2025,TVT-MBT,2603.85
1/09/2025,TVT-MKY,51.89
1/09/2025,TVT-ROK,190.44
1/09/2025,TVT-TSJ,16
1/09/2025,TVT-WQX,28.07
1/09/2025,WQX-GLT,97.25
1/09/2025,WQX-IFL,20.17
1/09/2025,WQX-MBT,1733.99
1/09/2025,WQX-MKY,3.5
1/09/2025,WQX-ROK,51.32
1/09/2025,WQX-TSJ,119.22
1/09/2025,WQX-TVT,33.18
1/09/2025,ASP-WEK,0.32
1/09/2025,BRT-AFT,1.81
1/09/2025,ETT-ROK,0.32
1/09/2025,MFT-PLT,0.95
1/09/2025,MOR-SFT,6.66
1/09/2025,PFT-WEK,2.38
1/09/2025,SFT-ETT,63.75
1/09/2025,SFT-GBJ,0.32
1/09/2025,SFT-MOR,9.83
1/09/2025,SFT-PLT,2.7
1/09/2025,SFT-TEC,0.16
1/09/2025,PFT-AFT,2939.04
1/09/2025,PFT-ASP,28.58
1/09/2025,PFT-BRT,263.06
1/09/2025,PFT-KAH,11.8
1/09/2025,PFT-TEC,0.47
1/09/2025,WEK-AFT,2.25
1/09/2025,WEK-BRT,0.09
1/09/2025,PFT-BFT,877.74
1/09/2025,PFT-GLT,7.31
1/09/2025,PFT-MKY,4.83
1/09/2025,PFT-ROK,46.01
1/09/2025,PFT-TVT,11.12
1/09/2025,PFT-WQX,9.19
1/09/2025,WEK-BFT,36.37
1/09/2025,WEK-GLT,0.09
1/09/2025,WEK-MER,0.09
1/09/2025,WEK-MKY,0.09
1/09/2025,WEK-TVT,0.47
1/09/2025,WEK-WQX,0.09
1/09/2025,PFT-MFT,7076.6
1/09/2025,WEK-MFT,27.62
1/09/2025,PFT-GBJ,350.91
1/09/2025,PFT-MOR,23.85
1/09/2025,PFT-PLT,1.41
1/09/2025,PFT-SFT,3765.49
1/09/2025,WEK-MOR,0.25
1/09/2025,WEK-SFT,16.54
1/09/2025,GBJ-AFT,44.25
1/09/2025,MOR-AFT,40.52
1/09/2025,MOR-ASP,0.3
1/09/2025,MOR-BRT,2.84
1/09/2025,MOR-KAH,1.01
1/09/2025,SFT-AFT,191.13
1/09/2025,SFT-ASP,5.09
1/09/2025,SFT-BRT,60.17
1/09/2025,SFT-KAH,1.48
1/09/2025,ETT-BFT,23.21
1/09/2025,ETT-GLT,0.4
1/09/2025,ETT-MKY,0.34
1/09/2025,ETT-SFT,23.55
1/09/2025,ETT-TVT,2.65
1/09/2025,ETT-WQX,0.11
1/09/2025,GBJ-BFT,4.47
1/09/2025,MOR-BFT,17.51
1/09/2025,MOR-GLT,0.45
1/09/2025,MOR-MKY,2.88
1/09/2025,MOR-ROK,3.61
1/09/2025,MOR-TVT,40.04
1/09/2025,MOR-WQX,4.63
1/09/2025,SFT-BFT,424.68
1/09/2025,SFT-GLT,14.01
1/09/2025,SFT-IFL,0
1/09/2025,SFT-MBT,0.17
1/09/2025,SFT-MKY,27.84
1/09/2025,SFT-ROK,8.92
1/09/2025,SFT-TVT,57.38
1/09/2025,SFT-WQX,20.95
1/09/2025,MOR-MFT,91.91
1/09/2025,SFT-MFT,657.12
1/09/2025,GBJ-PFT,337.63
1/09/2025,MOR-PFT,117.28
1/09/2025,PLT-PFT,1.89
1/09/2025,SFT-PFT,4067.5
1/09/2025,SFT-WEK,17.99
1/10/2025,AFT-BFT,297.89
1/10/2025,AFT-GLT,0.48
1/10/2025,AFT-MKY,1.43
1/10/2025,AFT-ROK,0.61
1/10/2025,AFT-TVT,6.07
1/10/2025,AFT-WQX,5.05
1/10/2025,ASP-BFT,2.86
1/10/2025,BRT-BFT,2.52
1/10/2025,KAH-BFT,0.07
1/10/2025,AFT-MFT,1438.7
1/10/2025,AFT-PLT,0.09
1/10/2025,ASP-MFT,119.03
1/10/2025,BRT-MFT,292.88
1/10/2025,KAH-MFT,7.21
1/10/2025,AFT-PFT,2138.46
1/10/2025,AFT-WEK,4.67
1/10/2025,ASP-PFT,1.67
1/10/2025,BRT-PFT,21.51
1/10/2025,AFT-GBJ,71.43
1/10/2025,AFT-MOR,16.49
1/10/2025,AFT-SFT,494.98
1/10/2025,ASP-MOR,0.55
1/10/2025,ASP-SFT,21.78
1/10/2025,BRT-MOR,4.1
1/10/2025,BRT-SFT,49.38
1/10/2025,BFT-AFT,331.69
1/10/2025,BFT-ASP,2.51
1/10/2025,BFT-BRT,5.21
1/10/2025,BFT-KAH,0.69
1/10/2025,GLT-AFT,1.99
1/10/2025,MKY-AFT,2.51
1/10/2025,MKY-BRT,0.09
1/10/2025,ROK-AFT,0.52
1/10/2025,ROK-BRT,0.17
1/10/2025,TVT-AFT,11.68
1/10/2025,TVT-ASP,0.09
1/10/2025,WQX-AFT,5.1
1/10/2025,WQX-ASP,0.26
1/10/2025,BFT-MFT,4495.15
1/10/2025,BFT-PLT,0.17
1/10/2025,GLT-MFT,49.56
1/10/2025,MKY-MFT,19.27
1/10/2025,ROK-MFT,2.52
1/10/2025,TVT-MFT,50.52
1/10/2025,WQX-MFT,23.56
1/10/2025,BFT-PFT,1006.4
1/10/2025,BFT-WEK,25.46
1/10/2025,GLT-PFT,5.09
1/10/2025,MKY-PFT,4.28
1/10/2025,ROK-PFT,7.79
1/10/2025,TVT-PFT,17.29
1/10/2025,TVT-WEK,0.16
1/10/2025,WQX-PFT,8.08
1/10/2025,WQX-WEK,0.08
1/10/2025,BFT-BOT,5.12
1/10/2025,BFT-ETT,30.09
1/10/2025,BFT-MOR,17.5
1/10/2025,BFT-SFT,686.68
1/10/2025,GLT-ETT,0.44
1/10/2025,GLT-MOR,0.15
1/10/2025,GLT-SFT,3.51
1/10/2025,MKY-ETT,0.66
1/10/2025,MKY-MOR,1.1
1/10/2025,MKY-SFT,3.81
1/10/2025,ROK-MOR,0.29
1/10/2025,ROK-SFT,3
1/10/2025,TVT-ETT,4.39
1/10/2025,TVT-MOR,43.27
1/10/2025,TVT-SFT,53.3
1/10/2025,WQX-ETT,1.02
1/10/2025,WQX-MOR,1.61
1/10/2025,WQX-SFT,18.01
1/10/2025,MFT-AFT,826.56
1/10/2025,MFT-ASP,29.72
1/10/2025,MFT-BRT,256.71
1/10/2025,MFT-KAH,4.63
1/10/2025,MFT-TEC,0.29
1/10/2025,MFT-WHY,3.75
1/10/2025,PLT-AFT,0.07
1/10/2025,MFT-BFT,5086.21
1/10/2025,MFT-GLT,42.27
1/10/2025,MFT-IFL,0.41
1/10/2025,MFT-MBT,0.17
1/10/2025,MFT-MER,0.58
1/10/2025,MFT-MKY,32.42
1/10/2025,MFT-ROK,8.52
1/10/2025,MFT-TVT,76.1
1/10/2025,MFT-WQX,32.92
1/10/2025,PLT-BFT,0.17
1/10/2025,MFT-PFT,9529.22
1/10/2025,MFT-WEK,37.08
1/10/2025,APD-GRF,1.64
1/10/2025,MFT-ETT,0.08
1/10/2025,MFT-MOR,34.68
1/10/2025,MFT-SFT,905.74
1/10/2025,PLT-SFT,0.47
1/10/2025,GLT-MBT,380.34
1/10/2025,GLT-MKY,189.98
1/10/2025,GLT-PLT,0.11
1/10/2025,GLT-TSJ,51.52
1/10/2025,GLT-TVT,168.12
1/10/2025,GLT-WQX,115.43
1/10/2025,IFL-MBT,130.6
1/10/2025,IFL-TVT,0.43
1/10/2025,IFL-WQX,0.11
1/10/2025,MBT-GLT,219.68
1/10/2025,MBT-IFL,102.88
1/10/2025,MBT-MER,239.73
1/10/2025,MBT-MKY,1081.02
1/10/2025,MBT-ROK,365.97
1/10/2025,MBT-TSJ,201.94
1/10/2025,MBT-TVT,3022.66
1/10/2025,MBT-WQX,2123.76
1/10/2025,MER-GLT,0.26
1/10/2025,MER-MBT,244.54
1/10/2025,MKY-GLT,195.31
1/10/2025,MKY-MBT,1096.84
1/10/2025,MKY-ROK,0.33
1/10/2025,MKY-TVT,17.72
1/10/2025,MKY-WQX,2.72
1/10/2025,ROK-IFL,0.37
1/10/2025,ROK-MBT,390.27
1/10/2025,ROK-MER,2.15
1/10/2025,ROK-MKY,1.61
1/10/2025,ROK-TSJ,156.62
1/10/2025,ROK-TVT,38.45
1/10/2025,ROK-WEK,0.22
1/10/2025,ROK-WQX,65.35
1/10/2025,TSJ-GLT,0.11
1/10/2025,TSJ-TVT,1.96
1/10/2025,TSJ-WQX,137.05
1/10/2025,TVT-BFT,0.22
1/10/2025,TVT-GLT,384.21
1/10/2025,TVT-IFL,0.11
1/10/2025,TVT-MBT,2988.68
1/10/2025,TVT-MKY,59.56
1/10/2025,TVT-ROK,218.59
1/10/2025,TVT-TSJ,18.37
1/10/2025,TVT-WQX,32.21
1/10/2025,WQX-GLT,111.62
1/10/2025,WQX-IFL,23.15
1/10/2025,WQX-MBT,1990.26
1/10/2025,WQX-MKY,4.02
1/10/2025,WQX-ROK,58.91
1/10/2025,WQX-TSJ,136.84
1/10/2025,WQX-TVT,38.08
1/10/2025,ASP-WEK,0.33
1/10/2025,BRT-AFT,1.86
1/10/2025,ETT-ROK,0.33
1/10/2025,MFT-PLT,0.98
1/10/2025,MOR-SFT,6.85
1/10/2025,PFT-WEK,2.45
1/10/2025,SFT-ETT,65.58
1/10/2025,SFT-GBJ,0.33
1/10/2025,SFT-MOR,10.11
1/10/2025,SFT-PLT,2.77
1/10/2025,SFT-TEC,0.16
1/10/2025,PFT-AFT,2997.53
1/10/2025,PFT-ASP,29.15
1/10/2025,PFT-BRT,268.3
1/10/2025,PFT-KAH,12.03
1/10/2025,PFT-TEC,0.48
1/10/2025,WEK-AFT,2.29
1/10/2025,WEK-BRT,0.1
1/10/2025,PFT-BFT,968.82
1/10/2025,PFT-GLT,8.07
1/10/2025,PFT-MKY,5.33
1/10/2025,PFT-ROK,50.79
1/10/2025,PFT-TVT,12.27
1/10/2025,PFT-WQX,10.14
1/10/2025,WEK-BFT,40.15
1/10/2025,WEK-GLT,0.1
1/10/2025,WEK-MER,0.1
1/10/2025,WEK-MKY,0.1
1/10/2025,WEK-TVT,0.52
1/10/2025,WEK-WQX,0.1
1/10/2025,PFT-MFT,7749.46
1/10/2025,WEK-MFT,30.25
1/10/2025,PFT-GBJ,354.96
1/10/2025,PFT-MOR,24.12
1/10/2025,PFT-PLT,1.43
1/10/2025,PFT-SFT,3808.93
1/10/2025,WEK-MOR,0.25
1/10/2025,WEK-SFT,16.73
1/10/2025,GBJ-AFT,49.88
1/10/2025,MOR-AFT,45.68
1/10/2025,MOR-ASP,0.33
1/10/2025,MOR-BRT,3.2
1/10/2025,MOR-KAH,1.13
1/10/2025,SFT-AFT,215.47
1/10/2025,SFT-ASP,5.74
1/10/2025,SFT-BRT,67.84
1/10/2025,SFT-KAH,1.67
1/10/2025,ETT-BFT,24.38
1/10/2025,ETT-GLT,0.42
1/10/2025,ETT-MKY,0.36
1/10/2025,ETT-SFT,24.74
1/10/2025,ETT-TVT,2.79
1/10/2025,ETT-WQX,0.12
1/10/2025,GBJ-BFT,4.69
1/10/2025,MOR-BFT,18.39
1/10/2025,MOR-GLT,0.47
1/10/2025,MOR-MKY,3.03
1/10/2025,MOR-ROK,3.8
1/10/2025,MOR-TVT,42.06
1/10/2025,MOR-WQX,4.87
1/10/2025,SFT-BFT,446.12
1/10/2025,SFT-GLT,14.71
1/10/2025,SFT-IFL,0
1/10/2025,SFT-MBT,0.18
1/10/2025,SFT-MKY,29.25
1/10/2025,SFT-ROK,9.37
1/10/2025,SFT-TVT,60.28
1/10/2025,SFT-WQX,22.01
1/10/2025,MOR-MFT,100.53
1/10/2025,SFT-MFT,718.74
1/10/2025,GBJ-PFT,363.89
1/10/2025,MOR-PFT,126.4
1/10/2025,PLT-PFT,2.04
1/10/2025,SFT-PFT,4383.84
1/10/2025,SFT-WEK,19.39
1/11/2025,AFT-BFT,320.3
1/11/2025,AFT-GLT,0.51
1/11/2025,AFT-MKY,1.54
1/11/2025,AFT-ROK,0.66
1/11/2025,AFT-TVT,6.53
1/11/2025,AFT-WQX,5.43
1/11/2025,ASP-BFT,3.08
1/11/2025,BRT-BFT,2.71
1/11/2025,KAH-BFT,0.07
1/11/2025,AFT-MFT,1338.43
1/11/2025,AFT-PLT,0.08
1/11/2025,ASP-MFT,110.73
1/11/2025,BRT-MFT,272.47
1/11/2025,KAH-MFT,6.7
1/11/2025,AFT-PFT,2382.76
1/11/2025,AFT-WEK,5.2
1/11/2025,ASP-PFT,1.86
1/11/2025,BRT-PFT,23.97
1/11/2025,AFT-GBJ,74.68
1/11/2025,AFT-MOR,17.24
1/11/2025,AFT-SFT,517.48
1/11/2025,ASP-MOR,0.57
1/11/2025,ASP-SFT,22.77
1/11/2025,BRT-MOR,4.29
1/11/2025,BRT-SFT,51.63
1/11/2025,BFT-AFT,328.3
1/11/2025,BFT-ASP,2.48
1/11/2025,BFT-BRT,5.15
1/11/2025,BFT-KAH,0.68
1/11/2025,GLT-AFT,1.97
1/11/2025,MKY-AFT,2.48
1/11/2025,MKY-BRT,0.09
1/11/2025,ROK-AFT,0.51
1/11/2025,ROK-BRT,0.17
1/11/2025,TVT-AFT,11.56
1/11/2025,TVT-ASP,0.09
1/11/2025,WQX-AFT,5.05
1/11/2025,WQX-ASP,0.26
1/11/2025,BFT-MFT,4551.76
1/11/2025,BFT-PLT,0.17
1/11/2025,GLT-MFT,50.18
1/11/2025,MKY-MFT,19.51
1/11/2025,ROK-MFT,2.56
1/11/2025,TVT-MFT,51.15
1/11/2025,WQX-MFT,23.86
1/11/2025,BFT-PFT,930.85
1/11/2025,BFT-WEK,23.54
1/11/2025,GLT-PFT,4.71
1/11/2025,MKY-PFT,3.96
1/11/2025,ROK-PFT,7.21
1/11/2025,TVT-PFT,16
1/11/2025,TVT-WEK,0.15
1/11/2025,WQX-PFT,7.47
1/11/2025,WQX-WEK,0.07
1/11/2025,BFT-BOT,5.83
1/11/2025,BFT-ETT,34.21
1/11/2025,BFT-MOR,19.89
1/11/2025,BFT-SFT,780.74
1/11/2025,GLT-ETT,0.5
1/11/2025,GLT-MOR,0.17
1/11/2025,GLT-SFT,4
1/11/2025,MKY-ETT,0.75
1/11/2025,MKY-MOR,1.25
1/11/2025,MKY-SFT,4.33
1/11/2025,ROK-MOR,0.33
1/11/2025,ROK-SFT,3.41
1/11/2025,TVT-ETT,4.99
1/11/2025,TVT-MOR,49.2
1/11/2025,TVT-SFT,60.6
1/11/2025,WQX-ETT,1.17
1/11/2025,WQX-MOR,1.83
1/11/2025,WQX-SFT,20.48
1/11/2025,MFT-AFT,733.53
1/11/2025,MFT-ASP,26.38
1/11/2025,MFT-BRT,227.82
1/11/2025,MFT-KAH,4.11
1/11/2025,MFT-TEC,0.26
1/11/2025,MFT-WHY,3.32
1/11/2025,PLT-AFT,0.07
1/11/2025,MFT-BFT,5119.92
1/11/2025,MFT-GLT,42.55
1/11/2025,MFT-IFL,0.42
1/11/2025,MFT-MBT,0.17
1/11/2025,MFT-MER,0.58
1/11/2025,MFT-MKY,32.64
1/11/2025,MFT-ROK,8.58
1/11/2025,MFT-TVT,76.6
1/11/2025,MFT-WQX,33.14
1/11/2025,PLT-BFT,0.17
1/11/2025,MFT-PFT,9736.85
1/11/2025,MFT-WEK,37.89
1/11/2025,APD-GRF,1.31
1/11/2025,MFT-ETT,0.06
1/11/2025,MFT-MOR,27.6
1/11/2025,MFT-SFT,720.7
1/11/2025,PLT-SFT,0.37
1/11/2025,GLT-MBT,376.53
1/11/2025,GLT-MKY,188.08
1/11/2025,GLT-PLT,0.11
1/11/2025,GLT-TSJ,51
1/11/2025,GLT-TVT,166.43
1/11/2025,GLT-WQX,114.27
1/11/2025,IFL-MBT,129.29
1/11/2025,IFL-TVT,0.43
1/11/2025,IFL-WQX,0.11
1/11/2025,MBT-GLT,217.48
1/11/2025,MBT-IFL,101.85
1/11/2025,MBT-MER,237.33
1/11/2025,MBT-MKY,1070.18
1/11/2025,MBT-ROK,362.3
1/11/2025,MBT-TSJ,199.92
1/11/2025,MBT-TVT,2992.37
1/11/2025,MBT-WQX,2102.47
1/11/2025,MER-GLT,0.26
1/11/2025,MER-MBT,242.09
1/11/2025,MKY-GLT,193.35
1/11/2025,MKY-MBT,1085.85
1/11/2025,MKY-ROK,0.32
1/11/2025,MKY-TVT,17.54
1/11/2025,MKY-WQX,2.69
1/11/2025,ROK-IFL,0.37
1/11/2025,ROK-MBT,386.36
1/11/2025,ROK-MER,2.13
1/11/2025,ROK-MKY,1.59
1/11/2025,ROK-TSJ,155.05
1/11/2025,ROK-TVT,38.07
1/11/2025,ROK-WEK,0.22
1/11/2025,ROK-WQX,64.7
1/11/2025,TSJ-GLT,0.11
1/11/2025,TSJ-TVT,1.94
1/11/2025,TSJ-WQX,135.68
1/11/2025,TVT-BFT,0.22
1/11/2025,TVT-GLT,380.36
1/11/2025,TVT-IFL,0.11
1/11/2025,TVT-MBT,2958.73
1/11/2025,TVT-MKY,58.96
1/11/2025,TVT-ROK,216.4
1/11/2025,TVT-TSJ,18.18
1/11/2025,TVT-WQX,31.89
1/11/2025,WQX-GLT,110.5
1/11/2025,WQX-IFL,22.92
1/11/2025,WQX-MBT,1970.31
1/11/2025,WQX-MKY,3.98
1/11/2025,WQX-ROK,58.32
1/11/2025,WQX-TSJ,135.46
1/11/2025,WQX-TVT,37.7
1/11/2025,ASP-WEK,0.34
1/11/2025,BRT-AFT,1.92
1/11/2025,ETT-ROK,0.34
1/11/2025,MFT-PLT,1.01
1/11/2025,MOR-SFT,7.06
1/11/2025,PFT-WEK,2.52
1/11/2025,SFT-ETT,67.56
1/11/2025,SFT-GBJ,0.34
1/11/2025,SFT-MOR,10.42
1/11/2025,SFT-PLT,2.86
1/11/2025,SFT-TEC,0.17
1/11/2025,PFT-AFT,3013.12
1/11/2025,PFT-ASP,29.3
1/11/2025,PFT-BRT,269.69
1/11/2025,PFT-KAH,12.1
1/11/2025,PFT-TEC,0.48
1/11/2025,WEK-AFT,2.3
1/11/2025,WEK-BRT,0.1
1/11/2025,PFT-BFT,835.5
1/11/2025,PFT-GLT,6.96
1/11/2025,PFT-MKY,4.6
1/11/2025,PFT-ROK,43.8
1/11/2025,PFT-TVT,10.58
1/11/2025,PFT-WQX,8.75
1/11/2025,WEK-BFT,34.62
1/11/2025,WEK-GLT,0.09
1/11/2025,WEK-MER,0.09
1/11/2025,WEK-MKY,0.09
1/11/2025,WEK-TVT,0.45
1/11/2025,WEK-WQX,0.09
1/11/2025,PFT-MFT,7570.2
1/11/2025,WEK-MFT,29.55
1/11/2025,PFT-GBJ,303.91
1/11/2025,PFT-MOR,20.66
1/11/2025,PFT-PLT,1.22
1/11/2025,PFT-SFT,3261.16
1/11/2025,WEK-MOR,0.22
1/11/2025,WEK-SFT,14.32
1/11/2025,GBJ-AFT,49.93
1/11/2025,MOR-AFT,45.72
1/11/2025,MOR-ASP,0.33
1/11/2025,MOR-BRT,3.21
1/11/2025,MOR-KAH,1.14
1/11/2025,SFT-AFT,215.68
1/11/2025,SFT-ASP,5.75
1/11/2025,SFT-BRT,67.9
1/11/2025,SFT-KAH,1.67
1/11/2025,ETT-BFT,30.65
1/11/2025,ETT-GLT,0.52
1/11/2025,ETT-MKY,0.45
1/11/2025,ETT-SFT,31.09
1/11/2025,ETT-TVT,3.5
1/11/2025,ETT-WQX,0.15
1/11/2025,GBJ-BFT,5.9
1/11/2025,MOR-BFT,23.11
1/11/2025,MOR-GLT,0.6
1/11/2025,MOR-MKY,3.8
1/11/2025,MOR-ROK,4.77
1/11/2025,MOR-TVT,52.87
1/11/2025,MOR-WQX,6.11
1/11/2025,SFT-BFT,560.67
1/11/2025,SFT-GLT,18.49
1/11/2025,SFT-IFL,0
1/11/2025,SFT-MBT,0.22
1/11/2025,SFT-MKY,36.76
1/11/2025,SFT-ROK,11.78
1/11/2025,SFT-TVT,75.76
1/11/2025,SFT-WQX,27.66
1/11/2025,MOR-MFT,105.89
1/11/2025,SFT-MFT,757.09
1/11/2025,GBJ-PFT,336.58
1/11/2025,MOR-PFT,116.92
1/11/2025,PLT-PFT,1.88
1/11/2025,SFT-PFT,4054.85
1/11/2025,SFT-WEK,17.93
1/12/2025,AFT-BFT,410.71
1/12/2025,AFT-GLT,0.66
1/12/2025,AFT-MKY,1.97
1/12/2025,AFT-ROK,0.85
1/12/2025,AFT-TVT,8.37
1/12/2025,AFT-WQX,6.96
1/12/2025,ASP-BFT,3.95
1/12/2025,BRT-BFT,3.48
1/12/2025,KAH-BFT,0.09
1/12/2025,AFT-MFT,1474.99
1/12/2025,AFT-PLT,0.09
1/12/2025,ASP-MFT,122.03
1/12/2025,BRT-MFT,300.27
1/12/2025,KAH-MFT,7.39
1/12/2025,AFT-PFT,2147.86
1/12/2025,AFT-WEK,4.69
1/12/2025,ASP-PFT,1.67
1/12/2025,BRT-PFT,21.6
1/12/2025,AFT-GBJ,90.36
1/12/2025,AFT-MOR,20.86
1/12/2025,AFT-SFT,626.08
1/12/2025,ASP-MOR,0.69
1/12/2025,ASP-SFT,27.54
1/12/2025,BRT-MOR,5.19
1/12/2025,BRT-SFT,62.46
1/12/2025,BFT-AFT,384.61
1/12/2025,BFT-ASP,2.91
1/12/2025,BFT-BRT,6.04
1/12/2025,BFT-KAH,0.8
1/12/2025,GLT-AFT,2.31
1/12/2025,MKY-AFT,2.91
1/12/2025,MKY-BRT,0.1
1/12/2025,ROK-AFT,0.6
1/12/2025,ROK-BRT,0.2
1/12/2025,TVT-AFT,13.54
1/12/2025,TVT-ASP,0.1
1/12/2025,WQX-AFT,5.92
1/12/2025,WQX-ASP,0.3
1/12/2025,BFT-MFT,4754.3
1/12/2025,BFT-PLT,0.18
1/12/2025,GLT-MFT,52.41
1/12/2025,MKY-MFT,20.38
1/12/2025,ROK-MFT,2.67
1/12/2025,TVT-MFT,53.43
1/12/2025,WQX-MFT,24.92
1/12/2025,BFT-PFT,866.83
1/12/2025,BFT-WEK,21.93
1/12/2025,GLT-PFT,4.39
1/12/2025,MKY-PFT,3.69
1/12/2025,ROK-PFT,6.71
1/12/2025,TVT-PFT,14.9
1/12/2025,TVT-WEK,0.14
1/12/2025,WQX-PFT,6.96
1/12/2025,WQX-WEK,0.07
1/12/2025,BFT-BOT,7.06
1/12/2025,BFT-ETT,41.46
1/12/2025,BFT-MOR,24.11
1/12/2025,BFT-SFT,946.1
1/12/2025,GLT-ETT,0.61
1/12/2025,GLT-MOR,0.2
1/12/2025,GLT-SFT,4.84
1/12/2025,MKY-ETT,0.91
1/12/2025,MKY-MOR,1.51
1/12/2025,MKY-SFT,5.25
1/12/2025,ROK-MOR,0.4
1/12/2025,ROK-SFT,4.14
1/12/2025,TVT-ETT,6.05
1/12/2025,TVT-MOR,59.62
1/12/2025,TVT-SFT,73.44
1/12/2025,WQX-ETT,1.41
1/12/2025,WQX-MOR,2.22
1/12/2025,WQX-SFT,24.81
1/12/2025,MFT-AFT,857.72
1/12/2025,MFT-ASP,30.84
1/12/2025,MFT-BRT,266.39
1/12/2025,MFT-KAH,4.8
1/12/2025,MFT-TEC,0.3
1/12/2025,MFT-WHY,3.89
1/12/2025,PLT-AFT,0.08
1/12/2025,MFT-BFT,5380.54
1/12/2025,MFT-GLT,44.71
1/12/2025,MFT-IFL,0.44
1/12/2025,MFT-MBT,0.18
1/12/2025,MFT-MER,0.61
1/12/2025,MFT-MKY,34.3
1/12/2025,MFT-ROK,9.01
1/12/2025,MFT-TVT,80.5
1/12/2025,MFT-WQX,34.83
1/12/2025,PLT-BFT,0.18
1/12/2025,MFT-PFT,9074.72
1/12/2025,MFT-WEK,35.31
1/12/2025,APD-GRF,1.16
1/12/2025,MFT-ETT,0.06
1/12/2025,MFT-MOR,24.46
1/12/2025,MFT-SFT,638.82
1/12/2025,PLT-SFT,0.33
1/12/2025,GLT-MBT,352.94
1/12/2025,GLT-MKY,176.3
1/12/2025,GLT-PLT,0.1
1/12/2025,GLT-TSJ,47.81
1/12/2025,GLT-TVT,156.01
1/12/2025,GLT-WQX,107.11
1/12/2025,IFL-MBT,121.19
1/12/2025,IFL-TVT,0.4
1/12/2025,IFL-WQX,0.1
1/12/2025,MBT-GLT,203.85
1/12/2025,MBT-IFL,95.47
1/12/2025,MBT-MER,222.46
1/12/2025,MBT-MKY,1003.15
1/12/2025,MBT-ROK,339.61
1/12/2025,MBT-TSJ,187.39
1/12/2025,MBT-TVT,2804.93
1/12/2025,MBT-WQX,1970.78
1/12/2025,MER-GLT,0.24
1/12/2025,MER-MBT,226.93
1/12/2025,MKY-GLT,181.24
1/12/2025,MKY-MBT,1017.83
1/12/2025,MKY-ROK,0.3
1/12/2025,MKY-TVT,16.44
1/12/2025,MKY-WQX,2.52
1/12/2025,ROK-IFL,0.34
1/12/2025,ROK-MBT,362.16
1/12/2025,ROK-MER,2
1/12/2025,ROK-MKY,1.49
1/12/2025,ROK-TSJ,145.34
1/12/2025,ROK-TVT,35.68
1/12/2025,ROK-WEK,0.2
1/12/2025,ROK-WQX,60.65
1/12/2025,TSJ-GLT,0.1
1/12/2025,TSJ-TVT,1.82
1/12/2025,TSJ-WQX,127.18
1/12/2025,TVT-BFT,0.2
1/12/2025,TVT-GLT,356.53
1/12/2025,TVT-IFL,0.1
1/12/2025,TVT-MBT,2773.4
1/12/2025,TVT-MKY,55.27
1/12/2025,TVT-ROK,202.84
1/12/2025,TVT-TSJ,17.04
1/12/2025,TVT-WQX,29.89
1/12/2025,WQX-GLT,103.58
1/12/2025,WQX-IFL,21.48
1/12/2025,WQX-MBT,1846.89
1/12/2025,WQX-MKY,3.73
1/12/2025,WQX-ROK,54.66
1/12/2025,WQX-TSJ,126.98
1/12/2025,WQX-TVT,35.34
1/12/2025,ASP-WEK,0.36
1/12/2025,BRT-AFT,2.06
1/12/2025,ETT-ROK,0.36
1/12/2025,MFT-PLT,1.08
1/12/2025,MOR-SFT,7.59
1/12/2025,PFT-WEK,2.71
1/12/2025,SFT-ETT,72.61
1/12/2025,SFT-GBJ,0.36
1/12/2025,SFT-MOR,11.2
1/12/2025,SFT-PLT,3.07
1/12/2025,SFT-TEC,0.18
1/12/2025,PFT-AFT,3100.68
1/12/2025,PFT-ASP,30.15
1/12/2025,PFT-BRT,277.53
1/12/2025,PFT-KAH,12.45
1/12/2025,PFT-TEC,0.49
1/12/2025,WEK-AFT,2.37
1/12/2025,WEK-BRT,0.1
1/12/2025,PFT-BFT,952.38
1/12/2025,PFT-GLT,7.93
1/12/2025,PFT-MKY,5.24
1/12/2025,PFT-ROK,49.93
1/12/2025,PFT-TVT,12.07
1/12/2025,PFT-WQX,9.97
1/12/2025,WEK-BFT,39.46
1/12/2025,WEK-GLT,0.1
1/12/2025,WEK-MER,0.1
1/12/2025,WEK-MKY,0.1
1/12/2025,WEK-TVT,0.51
1/12/2025,WEK-WQX,0.1
1/12/2025,PFT-MFT,7746.08
1/12/2025,WEK-MFT,30.23
1/12/2025,PFT-GBJ,357.29
1/12/2025,PFT-MOR,24.28
1/12/2025,PFT-PLT,1.44
1/12/2025,PFT-SFT,3833.97
1/12/2025,WEK-MOR,0.25
1/12/2025,WEK-SFT,16.84
1/12/2025,GBJ-AFT,57.59
1/12/2025,MOR-AFT,52.74
1/12/2025,MOR-ASP,0.39
1/12/2025,MOR-BRT,3.7
1/12/2025,MOR-KAH,1.31
1/12/2025,SFT-AFT,248.77
1/12/2025,SFT-ASP,6.63
1/12/2025,SFT-BRT,78.32
1/12/2025,SFT-KAH,1.93
1/12/2025,ETT-BFT,40.38
1/12/2025,ETT-GLT,0.69
1/12/2025,ETT-MKY,0.59
1/12/2025,ETT-SFT,40.96
1/12/2025,ETT-TVT,4.62
1/12/2025,ETT-WQX,0.2
1/12/2025,GBJ-BFT,7.77
1/12/2025,MOR-BFT,30.45
1/12/2025,MOR-GLT,0.79
1/12/2025,MOR-MKY,5.01
1/12/2025,MOR-ROK,6.29
1/12/2025,MOR-TVT,69.65
1/12/2025,MOR-WQX,8.06
1/12/2025,SFT-BFT,738.68
1/12/2025,SFT-GLT,24.36
1/12/2025,SFT-IFL,0
1/12/2025,SFT-MBT,0.29
1/12/2025,SFT-MKY,48.43
1/12/2025,SFT-ROK,15.52
1/12/2025,SFT-TVT,99.81
1/12/2025,SFT-WQX,36.45
1/12/2025,MOR-MFT,84.1
1/12/2025,SFT-MFT,601.27
1/12/2025,GBJ-PFT,318.6
1/12/2025,MOR-PFT,110.67
1/12/2025,PLT-PFT,1.78
1/12/2025,SFT-PFT,3838.19
1/12/2025,SFT-WEK,16.97
